index,target_value,target_zscore,Bed_value,Bath_value,Car_value,Land Size (sqm)_value,Floor Size (sqm)_value,Year Built_value,Days on Market_value,Capital Value_value,Last Rental Price_value,Bed_zscore,Bath_zscore,Car_zscore,Land Size (sqm)_zscore,Floor Size (sqm)_zscore,Year Built_zscore,Days on Market_zscore,Capital Value_zscore,Last Rental Price_zscore
6,430.0,-1.3040333333333332,2,1,1.0,508.0,100.0,1975.0,7.0,485000,430.0,-0.6745,0.0,0.0,0.0,-0.44966666666666666,-0.11241666666666666,0.0,-1.01175,-1.3040333333333332
7,450.0,-1.1241666666666668,2,1,1.0,508.0,95.0,1980.0,7.0,465000,450.0,-0.6745,0.0,0.0,0.0,-0.5620833333333334,0.0,0.0,-1.1343863636363636,-1.1241666666666668
8,460.0,-1.0342333333333333,2,1,1.0,508.0,80.0,1975.0,7.0,445000,460.0,-0.6745,0.0,0.0,0.0,-0.8993333333333333,-0.11241666666666666,0.0,-1.2570227272727272,-1.0342333333333333
10,420.0,-1.3939666666666666,2,1,1.0,508.0,64.0,1970.0,7.0,350000,420.0,-0.6745,0.0,0.0,0.0,-1.2590666666666666,-0.22483333333333333,0.0,-1.8395454545454546,-1.3939666666666666
11,420.0,-1.3939666666666666,2,1,1.0,508.0,68.0,1970.0,7.0,320000,420.0,-0.6745,0.0,0.0,0.0,-1.1691333333333334,-0.22483333333333333,0.0,-2.0235,-1.3939666666666666
12,450.0,-1.1241666666666668,2,1,1.0,508.0,90.0,1975.0,7.0,420000,450.0,-0.6745,0.0,0.0,0.0,-0.6745,-0.11241666666666666,0.0,-1.4103181818181818,-1.1241666666666668
14,390.0,-1.6637666666666666,2,1,1.0,508.0,70.0,1975.0,7.0,370000,390.0,-0.6745,0.0,0.0,0.0,-1.1241666666666668,-0.11241666666666666,0.0,-1.716909090909091,-1.6637666666666666
54,450.0,-1.1241666666666668,2,1,1.0,508.0,60.0,1975.0,7.0,460000,450.0,-0.6745,0.0,0.0,0.0,-1.349,-0.11241666666666666,0.0,-1.1650454545454545,-1.1241666666666668
67,430.0,-1.3040333333333332,2,1,1.0,508.0,60.0,1970.0,7.0,390000,430.0,-0.6745,0.0,0.0,0.0,-1.349,-0.22483333333333333,0.0,-1.5942727272727273,-1.3040333333333332
68,440.0,-1.2141,2,1,1.0,508.0,60.0,1970.0,7.0,380000,440.0,-0.6745,0.0,0.0,0.0,-1.349,-0.22483333333333333,0.0,-1.6555909090909091,-1.2141
81,450.0,-1.1241666666666668,2,1,1.0,508.0,90.0,1990.0,7.0,475000,450.0,-0.6745,0.0,0.0,0.0,-0.6745,0.22483333333333333,0.0,-1.0730681818181818,-1.1241666666666668
106,390.0,-1.6637666666666666,2,1,1.0,508.0,70.0,1980.0,7.0,440000,390.0,-0.6745,0.0,0.0,0.0,-1.1241666666666668,0.0,0.0,-1.2876818181818181,-1.6637666666666666
116,420.0,-1.3939666666666666,2,1,1.0,508.0,55.0,1960.0,7.0,365000,420.0,-0.6745,0.0,0.0,0.0,-1.4614166666666668,-0.44966666666666666,0.0,-1.7475681818181819,-1.3939666666666666
121,460.0,-1.0342333333333333,2,1,1.0,508.0,70.0,1970.0,7.0,470000,460.0,-0.6745,0.0,0.0,0.0,-1.1241666666666668,-0.22483333333333333,0.0,-1.1037272727272727,-1.0342333333333333
127,450.0,-1.1241666666666668,2,1,1.0,101.0,60.0,2022.0,7.0,550000,450.0,-0.6745,0.0,0.0,-2.565621495327103,-1.349,0.9443,0.0,-0.6131818181818182,-1.1241666666666668
132,450.0,-1.1241666666666668,2,1,1.0,508.0,100.0,1995.0,7.0,455000,450.0,-0.6745,0.0,0.0,0.0,-0.44966666666666666,0.33725,0.0,-1.1957045454545454,-1.1241666666666668
139,380.0,-1.7537,2,1,1.0,508.0,70.0,1960.0,7.0,340000,380.0,-0.6745,0.0,0.0,0.0,-1.1241666666666668,-0.44966666666666666,0.0,-1.9008636363636364,-1.7537
141,440.0,-1.2141,2,1,1.0,508.0,100.0,1990.0,7.0,530000,440.0,-0.6745,0.0,0.0,0.0,-0.44966666666666666,0.22483333333333333,0.0,-0.7358181818181818,-1.2141
160,450.0,-1.1241666666666668,2,1,1.0,508.0,114.0,1970.0,7.0,560000,450.0,-0.6745,0.0,0.0,0.0,-0.1349,-0.22483333333333333,0.0,-0.5518636363636363,-1.1241666666666668
172,400.0,-1.5738333333333332,2,1,1.0,508.0,150.0,1980.0,7.0,520000,400.0,-0.6745,0.0,0.0,0.0,0.6745,0.0,0.0,-0.7971363636363636,-1.5738333333333332
175,420.0,-1.3939666666666666,2,1,1.0,508.0,120.0,1970.0,7.0,180000,420.0,-0.6745,0.0,0.0,0.0,0.0,-0.22483333333333333,0.0,-2.8819545454545454,-1.3939666666666666
180,445.0,-1.1691333333333334,2,1,1.0,508.0,70.0,1960.0,7.0,510000,445.0,-0.6745,0.0,0.0,0.0,-1.1241666666666668,-0.44966666666666666,0.0,-0.8584545454545455,-1.1691333333333334
185,430.0,-1.3040333333333332,2,1,1.0,508.0,110.0,1970.0,7.0,435000,430.0,-0.6745,0.0,0.0,0.0,-0.22483333333333333,-0.22483333333333333,0.0,-1.318340909090909,-1.3040333333333332
198,320.0,-2.2933,2,1,1.0,508.0,60.0,1975.0,7.0,400000,320.0,-0.6745,0.0,0.0,0.0,-1.349,-0.11241666666666666,0.0,-1.5329545454545455,-2.2933
216,410.0,-1.4839,2,1,1.0,508.0,80.0,1940.0,7.0,480000,410.0,-0.6745,0.0,0.0,0.0,-0.8993333333333333,-0.8993333333333333,0.0,-1.0424090909090908,-1.4839
218,420.0,-1.3939666666666666,2,1,1.0,607.0,81.0,1950.0,7.0,530000,420.0,-0.6745,0.0,0.0,0.6240700934579438,-0.8768499999999999,-0.6745,0.0,-0.7358181818181818,-1.3939666666666666
219,450.0,-1.1241666666666668,2,1,1.0,508.0,100.0,1960.0,7.0,495000,450.0,-0.6745,0.0,0.0,0.0,-0.44966666666666666,-0.44966666666666666,0.0,-0.9504318181818182,-1.1241666666666668
223,460.0,-1.0342333333333333,2,1,1.0,508.0,90.0,1970.0,7.0,570000,460.0,-0.6745,0.0,0.0,0.0,-0.6745,-0.22483333333333333,0.0,-0.49054545454545456,-1.0342333333333333
229,410.0,-1.4839,2,1,1.0,508.0,140.0,1980.0,7.0,470000,410.0,-0.6745,0.0,0.0,0.0,0.44966666666666666,0.0,0.0,-1.1037272727272727,-1.4839
262,410.0,-1.4839,2,1,1.0,746.0,73.0,1940.0,7.0,435000,410.0,-0.6745,0.0,0.0,1.5002897196261682,-1.0567166666666667,-0.8993333333333333,0.0,-1.318340909090909,-1.4839
271,755.0,1.6188,2,1,1.0,508.0,80.0,1990.0,7.0,670000,755.0,-0.6745,0.0,0.0,0.0,-0.8993333333333333,0.22483333333333333,0.0,0.12263636363636364,1.6188
273,695.0,1.0792,2,1,1.0,799.0,120.0,1950.0,7.0,1030000,695.0,-0.6745,0.0,0.0,1.8343878504672895,0.0,-0.6745,0.0,2.330090909090909,1.0792
284,950.0,3.3725,2,1,1.0,508.0,103.0,1920.0,7.0,1000000,950.0,-0.6745,0.0,0.0,0.0,-0.38221666666666665,-1.349,0.0,2.1461363636363635,3.3725
285,390.0,-1.6637666666666666,2,1,1.0,508.0,100.0,1975.0,7.0,520000,390.0,-0.6745,0.0,0.0,0.0,-0.44966666666666666,-0.11241666666666666,0.0,-0.7971363636363636,-1.6637666666666666
288,450.0,-1.1241666666666668,2,1,1.0,508.0,72.0,1970.0,7.0,380000,450.0,-0.6745,0.0,0.0,0.0,-1.0792,-0.22483333333333333,0.0,-1.6555909090909091,-1.1241666666666668
293,380.0,-1.7537,2,1,1.0,508.0,60.0,1970.0,7.0,370000,380.0,-0.6745,0.0,0.0,0.0,-1.349,-0.22483333333333333,0.0,-1.716909090909091,-1.7537
301,365.0,-1.8886,2,1,1.0,508.0,55.0,1967.0,7.0,390000,365.0,-0.6745,0.0,0.0,0.0,-1.4614166666666668,-0.29228333333333334,0.0,-1.5942727272727273,-1.8886
310,450.0,-1.1241666666666668,2,1,1.0,508.0,80.0,1975.0,7.0,455000,450.0,-0.6745,0.0,0.0,0.0,-0.8993333333333333,-0.11241666666666666,0.0,-1.1957045454545454,-1.1241666666666668
311,450.0,-1.1241666666666668,2,1,1.0,508.0,60.0,1975.0,7.0,400000,450.0,-0.6745,0.0,0.0,0.0,-1.349,-0.11241666666666666,0.0,-1.5329545454545455,-1.1241666666666668
321,460.0,-1.0342333333333333,2,1,1.0,508.0,60.0,1965.0,7.0,385000,460.0,-0.6745,0.0,0.0,0.0,-1.349,-0.33725,0.0,-1.6249318181818182,-1.0342333333333333
323,460.0,-1.0342333333333333,2,1,1.0,508.0,81.0,1990.0,7.0,480000,460.0,-0.6745,0.0,0.0,0.0,-0.8768499999999999,0.22483333333333333,0.0,-1.0424090909090908,-1.0342333333333333
329,380.0,-1.7537,2,1,1.0,508.0,70.0,1975.0,7.0,385000,380.0,-0.6745,0.0,0.0,0.0,-1.1241666666666668,-0.11241666666666666,0.0,-1.6249318181818182,-1.7537
330,370.0,-1.8436333333333335,2,1,1.0,508.0,70.0,1975.0,7.0,375000,370.0,-0.6745,0.0,0.0,0.0,-1.1241666666666668,-0.11241666666666666,0.0,-1.68625,-1.8436333333333335
331,410.0,-1.4839,2,1,1.0,508.0,60.0,1975.0,7.0,370000,410.0,-0.6745,0.0,0.0,0.0,-1.349,-0.11241666666666666,0.0,-1.716909090909091,-1.4839
336,460.0,-1.0342333333333333,2,1,1.0,508.0,91.0,1970.0,7.0,390000,460.0,-0.6745,0.0,0.0,0.0,-0.6520166666666667,-0.22483333333333333,0.0,-1.5942727272727273,-1.0342333333333333
337,460.0,-1.0342333333333333,2,1,1.0,508.0,91.0,1970.0,7.0,400000,460.0,-0.6745,0.0,0.0,0.0,-0.6520166666666667,-0.22483333333333333,0.0,-1.5329545454545455,-1.0342333333333333
338,450.0,-1.1241666666666668,2,1,1.0,508.0,60.0,1970.0,7.0,385000,450.0,-0.6745,0.0,0.0,0.0,-1.349,-0.22483333333333333,0.0,-1.6249318181818182,-1.1241666666666668
346,350.0,-2.0235,2,1,1.0,508.0,110.0,1990.0,7.0,310000,350.0,-0.6745,0.0,0.0,0.0,-0.22483333333333333,0.22483333333333333,0.0,-2.0848181818181817,-2.0235
347,335.0,-2.1584,2,1,1.0,508.0,60.0,1965.0,7.0,315000,335.0,-0.6745,0.0,0.0,0.0,-1.349,-0.33725,0.0,-2.0541590909090908,-2.1584
349,380.0,-1.7537,2,1,1.0,508.0,60.0,1970.0,7.0,360000,380.0,-0.6745,0.0,0.0,0.0,-1.349,-0.22483333333333333,0.0,-1.7782272727272728,-1.7537
355,440.0,-1.2141,2,1,1.0,508.0,50.0,1970.0,7.0,370000,440.0,-0.6745,0.0,0.0,0.0,-1.5738333333333332,-0.22483333333333333,0.0,-1.716909090909091,-1.2141
356,460.0,-1.0342333333333333,2,1,1.0,508.0,50.0,1970.0,7.0,370000,460.0,-0.6745,0.0,0.0,0.0,-1.5738333333333332,-0.22483333333333333,0.0,-1.716909090909091,-1.0342333333333333
358,430.0,-1.3040333333333332,2,1,1.0,508.0,80.0,1975.0,7.0,420000,430.0,-0.6745,0.0,0.0,0.0,-0.8993333333333333,-0.11241666666666666,0.0,-1.4103181818181818,-1.3040333333333332
360,460.0,-1.0342333333333333,2,1,1.0,508.0,70.0,1975.0,7.0,295000,460.0,-0.6745,0.0,0.0,0.0,-1.1241666666666668,-0.11241666666666666,0.0,-2.1767954545454544,-1.0342333333333333
361,430.0,-1.3040333333333332,2,1,1.0,508.0,70.0,1975.0,7.0,405000,430.0,-0.6745,0.0,0.0,0.0,-1.1241666666666668,-0.11241666666666666,0.0,-1.5022954545454545,-1.3040333333333332
363,420.0,-1.3939666666666666,2,1,1.0,508.0,60.0,1975.0,7.0,350000,420.0,-0.6745,0.0,0.0,0.0,-1.349,-0.11241666666666666,0.0,-1.8395454545454546,-1.3939666666666666
367,420.0,-1.3939666666666666,2,1,1.0,508.0,65.0,2016.0,7.0,530000,420.0,-0.6745,0.0,0.0,0.0,-1.2365833333333331,0.8094,0.0,-0.7358181818181818,-1.3939666666666666
372,460.0,-1.0342333333333333,2,1,1.0,508.0,56.0,2016.0,7.0,450000,460.0,-0.6745,0.0,0.0,0.0,-1.4389333333333334,0.8094,0.0,-1.2263636363636363,-1.0342333333333333
374,430.0,-1.3040333333333332,2,1,1.0,508.0,60.0,1975.0,7.0,370000,430.0,-0.6745,0.0,0.0,0.0,-1.349,-0.11241666666666666,0.0,-1.716909090909091,-1.3040333333333332
376,400.0,-1.5738333333333332,2,1,1.0,508.0,60.0,1975.0,7.0,365000,400.0,-0.6745,0.0,0.0,0.0,-1.349,-0.11241666666666666,0.0,-1.7475681818181819,-1.5738333333333332
409,420.0,-1.3939666666666666,2,1,1.0,508.0,60.0,1965.0,7.0,335000,420.0,-0.6745,0.0,0.0,0.0,-1.349,-0.33725,0.0,-1.9315227272727273,-1.3939666666666666
417,460.0,-1.0342333333333333,2,1,1.0,508.0,80.0,2007.0,7.0,560000,460.0,-0.6745,0.0,0.0,0.0,-0.8993333333333333,0.60705,0.0,-0.5518636363636363,-1.0342333333333333
421,385.0,-1.7087333333333334,2,1,1.0,508.0,66.0,1975.0,7.0,425000,385.0,-0.6745,0.0,0.0,0.0,-1.2141,-0.11241666666666666,0.0,-1.379659090909091,-1.7087333333333334
424,420.0,-1.3939666666666666,2,1,1.0,508.0,70.0,1965.0,7.0,340000,420.0,-0.6745,0.0,0.0,0.0,-1.1241666666666668,-0.33725,0.0,-1.9008636363636364,-1.3939666666666666
439,375.0,-1.7986666666666666,2,1,1.0,508.0,70.0,1975.0,7.0,450000,375.0,-0.6745,0.0,0.0,0.0,-1.1241666666666668,-0.11241666666666666,0.0,-1.2263636363636363,-1.7986666666666666
440,410.0,-1.4839,2,1,1.0,508.0,50.0,1975.0,7.0,355000,410.0,-0.6745,0.0,0.0,0.0,-1.5738333333333332,-0.11241666666666666,0.0,-1.8088863636363637,-1.4839
441,400.0,-1.5738333333333332,2,1,1.0,508.0,50.0,1975.0,7.0,315000,400.0,-0.6745,0.0,0.0,0.0,-1.5738333333333332,-0.11241666666666666,0.0,-2.0541590909090908,-1.5738333333333332
442,350.0,-2.0235,2,1,1.0,508.0,60.0,1975.0,7.0,355000,350.0,-0.6745,0.0,0.0,0.0,-1.349,-0.11241666666666666,0.0,-1.8088863636363637,-2.0235
452,440.0,-1.2141,2,1,1.0,508.0,80.0,1970.0,7.0,1060000,440.0,-0.6745,0.0,0.0,0.0,-0.8993333333333333,-0.22483333333333333,0.0,2.5140454545454545,-1.2141
456,450.0,-1.1241666666666668,2,1,1.0,508.0,120.0,1970.0,7.0,700000,450.0,-0.6745,0.0,0.0,0.0,0.0,-0.22483333333333333,0.0,0.3065909090909091,-1.1241666666666668
461,395.0,-1.6188,2,1,1.0,508.0,90.0,1960.0,7.0,610000,395.0,-0.6745,0.0,0.0,0.0,-0.6745,-0.44966666666666666,0.0,-0.24527272727272728,-1.6188
492,450.0,-1.1241666666666668,2,1,1.0,347.0,80.0,1950.0,7.0,520000,450.0,-0.6745,0.0,0.0,-1.0149018691588785,-0.8993333333333333,-0.6745,0.0,-0.7971363636363636,-1.1241666666666668
498,450.0,-1.1241666666666668,2,1,1.0,508.0,90.0,1980.0,7.0,495000,450.0,-0.6745,0.0,0.0,0.0,-0.6745,0.0,0.0,-0.9504318181818182,-1.1241666666666668
500,450.0,-1.1241666666666668,2,1,1.0,508.0,75.0,1960.0,7.0,385000,450.0,-0.6745,0.0,0.0,0.0,-1.01175,-0.44966666666666666,0.0,-1.6249318181818182,-1.1241666666666668
503,450.0,-1.1241666666666668,2,1,1.0,508.0,94.0,1970.0,7.0,385000,450.0,-0.6745,0.0,0.0,0.0,-0.5845666666666667,-0.22483333333333333,0.0,-1.6249318181818182,-1.1241666666666668
506,390.0,-1.6637666666666666,2,1,1.0,508.0,71.0,1970.0,7.0,360000,390.0,-0.6745,0.0,0.0,0.0,-1.1016833333333333,-0.22483333333333333,0.0,-1.7782272727272728,-1.6637666666666666
509,450.0,-1.1241666666666668,2,1,1.0,607.0,94.0,1960.0,7.0,560000,450.0,-0.6745,0.0,0.0,0.6240700934579438,-0.5845666666666667,-0.44966666666666666,0.0,-0.5518636363636363,-1.1241666666666668
510,420.0,-1.3939666666666666,2,1,1.0,508.0,79.0,2007.0,7.0,450000,420.0,-0.6745,0.0,0.0,0.0,-0.9218166666666666,0.60705,0.0,-1.2263636363636363,-1.3939666666666666
518,700.0,1.1241666666666668,2,1,1.0,508.0,100.0,1955.0,7.0,650000,700.0,-0.6745,0.0,0.0,0.0,-0.44966666666666666,-0.5620833333333334,0.0,0.0,1.1241666666666668
520,450.0,-1.1241666666666668,2,1,1.0,508.0,96.0,1970.0,7.0,470000,450.0,-0.6745,0.0,0.0,0.0,-0.5396,-0.22483333333333333,0.0,-1.1037272727272727,-1.1241666666666668
539,420.0,-1.3939666666666666,2,1,1.0,508.0,90.0,1970.0,7.0,425000,420.0,-0.6745,0.0,0.0,0.0,-0.6745,-0.22483333333333333,0.0,-1.379659090909091,-1.3939666666666666
541,450.0,-1.1241666666666668,2,1,1.0,508.0,115.0,1970.0,7.0,485000,450.0,-0.6745,0.0,0.0,0.0,-0.11241666666666666,-0.22483333333333333,0.0,-1.01175,-1.1241666666666668
545,395.0,-1.6188,2,1,1.0,508.0,60.0,1970.0,7.0,385000,395.0,-0.6745,0.0,0.0,0.0,-1.349,-0.22483333333333333,0.0,-1.6249318181818182,-1.6188
546,440.0,-1.2141,2,1,1.0,508.0,60.0,1970.0,7.0,360000,440.0,-0.6745,0.0,0.0,0.0,-1.349,-0.22483333333333333,0.0,-1.7782272727272728,-1.2141
550,430.0,-1.3040333333333332,2,1,1.0,508.0,70.0,1970.0,7.0,425000,430.0,-0.6745,0.0,0.0,0.0,-1.1241666666666668,-0.22483333333333333,0.0,-1.379659090909091,-1.3040333333333332
552,395.0,-1.6188,2,1,1.0,508.0,60.0,1970.0,7.0,325000,395.0,-0.6745,0.0,0.0,0.0,-1.349,-0.22483333333333333,0.0,-1.9928409090909092,-1.6188
553,420.0,-1.3939666666666666,2,1,1.0,508.0,60.0,1975.0,7.0,325000,420.0,-0.6745,0.0,0.0,0.0,-1.349,-0.11241666666666666,0.0,-1.9928409090909092,-1.3939666666666666
558,415.0,-1.4389333333333334,2,1,1.0,508.0,65.0,1970.0,7.0,495000,415.0,-0.6745,0.0,0.0,0.0,-1.2365833333333331,-0.22483333333333333,0.0,-0.9504318181818182,-1.4389333333333334
561,380.0,-1.7537,2,1,1.0,607.0,114.0,1960.0,7.0,600000,380.0,-0.6745,0.0,0.0,0.6240700934579438,-0.1349,-0.44966666666666666,0.0,-0.3065909090909091,-1.7537
563,450.0,-1.1241666666666668,2,1,1.0,508.0,100.0,1960.0,7.0,520000,450.0,-0.6745,0.0,0.0,0.0,-0.44966666666666666,-0.44966666666666666,0.0,-0.7971363636363636,-1.1241666666666668
567,400.0,-1.5738333333333332,2,1,1.0,394.0,100.0,1950.0,7.0,590000,400.0,-0.6745,0.0,0.0,-0.718626168224299,-0.44966666666666666,-0.6745,0.0,-0.3679090909090909,-1.5738333333333332
569,430.0,-1.3040333333333332,2,1,1.0,508.0,80.0,1960.0,7.0,630000,430.0,-0.6745,0.0,0.0,0.0,-0.8993333333333333,-0.44966666666666666,0.0,-0.12263636363636364,-1.3040333333333332
577,450.0,-1.1241666666666668,2,1,1.0,508.0,85.0,1960.0,7.0,500000,450.0,-0.6745,0.0,0.0,0.0,-0.7869166666666666,-0.44966666666666666,0.0,-0.9197727272727273,-1.1241666666666668
586,400.0,-1.5738333333333332,2,1,1.0,508.0,70.0,1960.0,7.0,440000,400.0,-0.6745,0.0,0.0,0.0,-1.1241666666666668,-0.44966666666666666,0.0,-1.2876818181818181,-1.5738333333333332
588,450.0,-1.1241666666666668,2,1,1.0,759.0,80.0,1940.0,7.0,810000,450.0,-0.6745,0.0,0.0,1.5822383177570094,-0.8993333333333333,-0.8993333333333333,0.0,0.9810909090909091,-1.1241666666666668
591,460.0,-1.0342333333333333,2,1,1.0,508.0,90.0,1960.0,7.0,540000,460.0,-0.6745,0.0,0.0,0.0,-0.6745,-0.44966666666666666,0.0,-0.6745,-1.0342333333333333
592,450.0,-1.1241666666666668,2,1,1.0,508.0,90.0,1960.0,7.0,530000,450.0,-0.6745,0.0,0.0,0.0,-0.6745,-0.44966666666666666,0.0,-0.7358181818181818,-1.1241666666666668
595,420.0,-1.3939666666666666,2,1,1.0,508.0,90.0,1975.0,7.0,500000,420.0,-0.6745,0.0,0.0,0.0,-0.6745,-0.11241666666666666,0.0,-0.9197727272727273,-1.3939666666666666
599,450.0,-1.1241666666666668,2,1,1.0,508.0,110.0,1970.0,7.0,560000,450.0,-0.6745,0.0,0.0,0.0,-0.22483333333333333,-0.22483333333333333,0.0,-0.5518636363636363,-1.1241666666666668
606,450.0,-1.1241666666666668,2,1,1.0,508.0,104.0,1990.0,7.0,500000,450.0,-0.6745,0.0,0.0,0.0,-0.35973333333333335,0.22483333333333333,0.0,-0.9197727272727273,-1.1241666666666668
608,420.0,-1.3939666666666666,2,1,1.0,508.0,70.0,1985.0,7.0,380000,420.0,-0.6745,0.0,0.0,0.0,-1.1241666666666668,0.11241666666666666,0.0,-1.6555909090909091,-1.3939666666666666
609,450.0,-1.1241666666666668,2,1,1.0,508.0,70.0,1985.0,7.0,415000,450.0,-0.6745,0.0,0.0,0.0,-1.1241666666666668,0.11241666666666666,0.0,-1.4409772727272727,-1.1241666666666668
613,450.0,-1.1241666666666668,2,1,1.0,508.0,90.0,1990.0,7.0,500000,450.0,-0.6745,0.0,0.0,0.0,-0.6745,0.22483333333333333,0.0,-0.9197727272727273,-1.1241666666666668
617,450.0,-1.1241666666666668,2,1,1.0,508.0,100.0,1975.0,7.0,400000,450.0,-0.6745,0.0,0.0,0.0,-0.44966666666666666,-0.11241666666666666,0.0,-1.5329545454545455,-1.1241666666666668
619,370.0,-1.8436333333333335,2,1,1.0,508.0,90.0,1975.0,7.0,355000,370.0,-0.6745,0.0,0.0,0.0,-0.6745,-0.11241666666666666,0.0,-1.8088863636363637,-1.8436333333333335
620,450.0,-1.1241666666666668,2,1,1.0,190.0,98.0,2020.0,7.0,590000,450.0,-0.6745,0.0,0.0,-2.004588785046729,-0.49463333333333337,0.8993333333333333,0.0,-0.3679090909090909,-1.1241666666666668
621,380.0,-1.7537,2,1,1.0,141.0,98.0,2020.0,7.0,590000,380.0,-0.6745,0.0,0.0,-2.313471962616822,-0.49463333333333337,0.8993333333333333,0.0,-0.3679090909090909,-1.7537
627,420.0,-1.3939666666666666,2,1,1.0,508.0,60.0,1975.0,7.0,315000,420.0,-0.6745,0.0,0.0,0.0,-1.349,-0.11241666666666666,0.0,-2.0541590909090908,-1.3939666666666666
633,380.0,-1.7537,2,1,1.0,508.0,60.0,1975.0,7.0,310000,380.0,-0.6745,0.0,0.0,0.0,-1.349,-0.11241666666666666,0.0,-2.0848181818181817,-1.7537
635,400.0,-1.5738333333333332,2,1,1.0,508.0,50.0,1915.0,7.0,300000,400.0,-0.6745,0.0,0.0,0.0,-1.5738333333333332,-1.4614166666666668,0.0,-2.1461363636363635,-1.5738333333333332
639,435.0,-1.2590666666666666,2,1,1.0,508.0,70.0,1975.0,7.0,375000,435.0,-0.6745,0.0,0.0,0.0,-1.1241666666666668,-0.11241666666666666,0.0,-1.68625,-1.2590666666666666
642,400.0,-1.5738333333333332,2,1,1.0,508.0,90.0,1975.0,7.0,320000,400.0,-0.6745,0.0,0.0,0.0,-0.6745,-0.11241666666666666,0.0,-2.0235,-1.5738333333333332
643,420.0,-1.3939666666666666,2,1,1.0,508.0,60.0,1975.0,7.0,335000,420.0,-0.6745,0.0,0.0,0.0,-1.349,-0.11241666666666666,0.0,-1.9315227272727273,-1.3939666666666666
646,420.0,-1.3939666666666666,2,1,1.0,658.0,90.0,1930.0,7.0,460000,420.0,-0.6745,0.0,0.0,0.9455607476635514,-0.6745,-1.1241666666666668,0.0,-1.1650454545454545,-1.3939666666666666
658,425.0,-1.349,2,1,1.0,508.0,80.0,1955.0,7.0,355000,425.0,-0.6745,0.0,0.0,0.0,-0.8993333333333333,-0.5620833333333334,0.0,-1.8088863636363637,-1.349
666,420.0,-1.3939666666666666,2,1,1.0,508.0,73.0,1970.0,7.0,350000,420.0,-0.6745,0.0,0.0,0.0,-1.0567166666666667,-0.22483333333333333,0.0,-1.8395454545454546,-1.3939666666666666
667,400.0,-1.5738333333333332,2,1,1.0,508.0,70.0,1970.0,7.0,350000,400.0,-0.6745,0.0,0.0,0.0,-1.1241666666666668,-0.22483333333333333,0.0,-1.8395454545454546,-1.5738333333333332
668,450.0,-1.1241666666666668,2,1,1.0,508.0,65.0,1960.0,7.0,375000,450.0,-0.6745,0.0,0.0,0.0,-1.2365833333333331,-0.44966666666666666,0.0,-1.68625,-1.1241666666666668
671,400.0,-1.5738333333333332,2,1,1.0,508.0,100.0,1980.0,7.0,410000,400.0,-0.6745,0.0,0.0,0.0,-0.44966666666666666,0.0,0.0,-1.4716363636363636,-1.5738333333333332
672,435.0,-1.2590666666666666,2,1,1.0,354.0,61.0,1875.0,7.0,370000,435.0,-0.6745,0.0,0.0,-0.9707757009345794,-1.3265166666666666,-2.3607500000000003,0.0,-1.716909090909091,-1.2590666666666666
675,399.0,-1.5828266666666666,2,1,1.0,508.0,67.0,1975.0,7.0,385000,399.0,-0.6745,0.0,0.0,0.0,-1.1916166666666668,-0.11241666666666666,0.0,-1.6249318181818182,-1.5828266666666666
681,450.0,-1.1241666666666668,2,1,1.0,508.0,70.0,1965.0,7.0,390000,450.0,-0.6745,0.0,0.0,0.0,-1.1241666666666668,-0.33725,0.0,-1.5942727272727273,-1.1241666666666668
687,350.0,-2.0235,2,1,1.0,508.0,70.0,1975.0,7.0,345000,350.0,-0.6745,0.0,0.0,0.0,-1.1241666666666668,-0.11241666666666666,0.0,-1.8702045454545455,-2.0235
697,440.0,-1.2141,2,1,1.0,508.0,72.0,1980.0,7.0,450000,440.0,-0.6745,0.0,0.0,0.0,-1.0792,0.0,0.0,-1.2263636363636363,-1.2141
708,400.0,-1.5738333333333332,2,1,1.0,508.0,70.0,1975.0,7.0,390000,400.0,-0.6745,0.0,0.0,0.0,-1.1241666666666668,-0.11241666666666666,0.0,-1.5942727272727273,-1.5738333333333332
709,440.0,-1.2141,2,1,1.0,508.0,95.0,2014.0,7.0,455000,440.0,-0.6745,0.0,0.0,0.0,-0.5620833333333334,0.7644333333333333,0.0,-1.1957045454545454,-1.2141
713,390.0,-1.6637666666666666,2,1,1.0,508.0,77.0,2000.0,7.0,380000,390.0,-0.6745,0.0,0.0,0.0,-0.9667833333333333,0.44966666666666666,0.0,-1.6555909090909091,-1.6637666666666666
717,440.0,-1.2141,2,1,1.0,508.0,60.0,1975.0,7.0,355000,440.0,-0.6745,0.0,0.0,0.0,-1.349,-0.11241666666666666,0.0,-1.8088863636363637,-1.2141
718,450.0,-1.1241666666666668,2,1,1.0,508.0,70.0,2019.0,7.0,450000,450.0,-0.6745,0.0,0.0,0.0,-1.1241666666666668,0.8768499999999999,0.0,-1.2263636363636363,-1.1241666666666668
721,380.0,-1.7537,2,1,1.0,508.0,60.0,1975.0,7.0,350000,380.0,-0.6745,0.0,0.0,0.0,-1.349,-0.11241666666666666,0.0,-1.8395454545454546,-1.7537
722,350.0,-2.0235,2,1,1.0,506.0,102.0,1920.0,7.0,610000,350.0,-0.6745,0.0,0.0,-0.01260747663551402,-0.4047,-1.349,0.0,-0.24527272727272728,-2.0235
740,400.0,-1.5738333333333332,2,1,1.0,508.0,60.0,1965.0,7.0,330000,400.0,-0.6745,0.0,0.0,0.0,-1.349,-0.33725,0.0,-1.9621818181818182,-1.5738333333333332
742,400.0,-1.5738333333333332,2,1,1.0,508.0,80.0,1970.0,7.0,310000,400.0,-0.6745,0.0,0.0,0.0,-0.8993333333333333,-0.22483333333333333,0.0,-2.0848181818181817,-1.5738333333333332
746,460.0,-1.0342333333333333,2,1,1.0,508.0,67.0,2017.0,7.0,435000,460.0,-0.6745,0.0,0.0,0.0,-1.1916166666666668,0.8318833333333333,0.0,-1.318340909090909,-1.0342333333333333
753,410.0,-1.4839,2,1,1.0,508.0,88.0,1970.0,7.0,350000,410.0,-0.6745,0.0,0.0,0.0,-0.7194666666666667,-0.22483333333333333,0.0,-1.8395454545454546,-1.4839
754,430.0,-1.3040333333333332,2,1,1.0,508.0,90.0,1995.0,7.0,415000,430.0,-0.6745,0.0,0.0,0.0,-0.6745,0.33725,0.0,-1.4409772727272727,-1.3040333333333332
755,400.0,-1.5738333333333332,2,1,1.0,508.0,90.0,1990.0,7.0,415000,400.0,-0.6745,0.0,0.0,0.0,-0.6745,0.22483333333333333,0.0,-1.4409772727272727,-1.5738333333333332
756,410.0,-1.4839,2,1,1.0,508.0,70.0,1965.0,7.0,360000,410.0,-0.6745,0.0,0.0,0.0,-1.1241666666666668,-0.33725,0.0,-1.7782272727272728,-1.4839
757,460.0,-1.0342333333333333,2,1,1.0,508.0,70.0,1975.0,7.0,370000,460.0,-0.6745,0.0,0.0,0.0,-1.1241666666666668,-0.11241666666666666,0.0,-1.716909090909091,-1.0342333333333333
760,450.0,-1.1241666666666668,2,1,1.0,270.0,59.0,1960.0,7.0,340000,450.0,-0.6745,0.0,0.0,-1.5002897196261682,-1.3714833333333334,-0.44966666666666666,0.0,-1.9008636363636364,-1.1241666666666668
766,460.0,-1.0342333333333333,2,1,1.0,739.0,90.0,1950.0,7.0,465000,460.0,-0.6745,0.0,0.0,1.456163551401869,-0.6745,-0.6745,0.0,-1.1343863636363636,-1.0342333333333333
769,440.0,-1.2141,2,1,1.0,508.0,64.0,1970.0,7.0,375000,440.0,-0.6745,0.0,0.0,0.0,-1.2590666666666666,-0.22483333333333333,0.0,-1.68625,-1.2141
773,460.0,-1.0342333333333333,2,1,1.0,508.0,100.0,1970.0,7.0,430000,460.0,-0.6745,0.0,0.0,0.0,-0.44966666666666666,-0.22483333333333333,0.0,-1.349,-1.0342333333333333
778,900.0,2.9228333333333336,2,1,1.0,481.0,70.0,1950.0,7.0,565000,900.0,-0.6745,0.0,0.0,-0.17020093457943927,-1.1241666666666668,-0.6745,0.0,-0.5212045454545454,2.9228333333333336
793,460.0,-1.0342333333333333,2,1,1.0,508.0,100.0,1960.0,7.0,640000,460.0,-0.6745,0.0,0.0,0.0,-0.44966666666666666,-0.44966666666666666,0.0,-0.06131818181818182,-1.0342333333333333
799,380.0,-1.7537,2,1,1.0,508.0,80.0,1970.0,7.0,560000,380.0,-0.6745,0.0,0.0,0.0,-0.8993333333333333,-0.22483333333333333,0.0,-0.5518636363636363,-1.7537
833,700.0,1.1241666666666668,2,1,1.0,508.0,120.0,1970.0,7.0,690000,700.0,-0.6745,0.0,0.0,0.0,0.0,-0.22483333333333333,0.0,0.24527272727272728,1.1241666666666668
835,390.0,-1.6637666666666666,2,1,1.0,508.0,70.0,1970.0,7.0,560000,390.0,-0.6745,0.0,0.0,0.0,-1.1241666666666668,-0.22483333333333333,0.0,-0.5518636363636363,-1.6637666666666666
848,410.0,-1.4839,2,1,1.0,508.0,92.0,1940.0,7.0,720000,410.0,-0.6745,0.0,0.0,0.0,-0.6295333333333333,-0.8993333333333333,0.0,0.42922727272727274,-1.4839
851,340.0,-2.113433333333333,2,1,1.0,508.0,81.0,1940.0,7.0,550000,340.0,-0.6745,0.0,0.0,0.0,-0.8768499999999999,-0.8993333333333333,0.0,-0.6131818181818182,-2.113433333333333
857,450.0,-1.1241666666666668,2,1,1.0,508.0,70.0,1970.0,7.0,630000,450.0,-0.6745,0.0,0.0,0.0,-1.1241666666666668,-0.22483333333333333,0.0,-0.12263636363636364,-1.1241666666666668
864,420.0,-1.3939666666666666,2,1,1.0,508.0,60.0,1970.0,7.0,465000,420.0,-0.6745,0.0,0.0,0.0,-1.349,-0.22483333333333333,0.0,-1.1343863636363636,-1.3939666666666666
870,410.0,-1.4839,2,1,1.0,508.0,80.0,1975.0,7.0,500000,410.0,-0.6745,0.0,0.0,0.0,-0.8993333333333333,-0.11241666666666666,0.0,-0.9197727272727273,-1.4839
883,450.0,-1.1241666666666668,2,1,1.0,432.0,80.0,1930.0,7.0,570000,450.0,-0.6745,0.0,0.0,-0.4790841121495327,-0.8993333333333333,-1.1241666666666668,0.0,-0.49054545454545456,-1.1241666666666668
887,450.0,-1.1241666666666668,2,1,1.0,508.0,61.0,1970.0,7.0,435000,450.0,-0.6745,0.0,0.0,0.0,-1.3265166666666666,-0.22483333333333333,0.0,-1.318340909090909,-1.1241666666666668
890,420.0,-1.3939666666666666,2,1,1.0,508.0,60.0,1975.0,7.0,380000,420.0,-0.6745,0.0,0.0,0.0,-1.349,-0.11241666666666666,0.0,-1.6555909090909091,-1.3939666666666666
892,350.0,-2.0235,2,1,1.0,506.0,71.0,1910.0,7.0,490000,350.0,-0.6745,0.0,0.0,-0.01260747663551402,-1.1016833333333333,-1.5738333333333332,0.0,-0.9810909090909091,-2.0235
893,400.0,-1.5738333333333332,2,1,1.0,508.0,50.0,1975.0,7.0,310000,400.0,-0.6745,0.0,0.0,0.0,-1.5738333333333332,-0.11241666666666666,0.0,-2.0848181818181817,-1.5738333333333332
896,420.0,-1.3939666666666666,2,1,1.0,508.0,70.0,1985.0,7.0,425000,420.0,-0.6745,0.0,0.0,0.0,-1.1241666666666668,0.11241666666666666,0.0,-1.379659090909091,-1.3939666666666666
904,390.0,-1.6637666666666666,2,1,1.0,508.0,62.0,1970.0,7.0,350000,390.0,-0.6745,0.0,0.0,0.0,-1.3040333333333334,-0.22483333333333333,0.0,-1.8395454545454546,-1.6637666666666666
907,430.0,-1.3040333333333332,2,1,1.0,508.0,70.0,1980.0,7.0,470000,430.0,-0.6745,0.0,0.0,0.0,-1.1241666666666668,0.0,0.0,-1.1037272727272727,-1.3040333333333332
910,445.0,-1.1691333333333334,2,1,1.0,508.0,64.0,1950.0,7.0,440000,445.0,-0.6745,0.0,0.0,0.0,-1.2590666666666666,-0.6745,0.0,-1.2876818181818181,-1.1691333333333334
920,420.0,-1.3939666666666666,2,1,1.0,506.0,78.0,1905.0,7.0,415000,420.0,-0.6745,0.0,0.0,-0.01260747663551402,-0.9443,-1.68625,0.0,-1.4409772727272727,-1.3939666666666666
934,400.0,-1.5738333333333332,2,1,1.0,508.0,70.0,1990.0,7.0,360000,400.0,-0.6745,0.0,0.0,0.0,-1.1241666666666668,0.22483333333333333,0.0,-1.7782272727272728,-1.5738333333333332
946,450.0,-1.1241666666666668,2,1,1.0,508.0,90.0,1970.0,7.0,450000,450.0,-0.6745,0.0,0.0,0.0,-0.6745,-0.22483333333333333,0.0,-1.2263636363636363,-1.1241666666666668
949,420.0,-1.3939666666666666,2,1,1.0,508.0,70.0,1970.0,7.0,420000,420.0,-0.6745,0.0,0.0,0.0,-1.1241666666666668,-0.22483333333333333,0.0,-1.4103181818181818,-1.3939666666666666
980,460.0,-1.0342333333333333,2,1,1.0,551.0,80.0,1995.0,7.0,300000,460.0,-0.6745,0.0,0.0,0.27106074766355137,-0.8993333333333333,0.33725,0.0,-2.1461363636363635,-1.0342333333333333
991,400.0,-1.5738333333333332,2,1,1.0,508.0,70.0,1975.0,7.0,370000,400.0,-0.6745,0.0,0.0,0.0,-1.1241666666666668,-0.11241666666666666,0.0,-1.716909090909091,-1.5738333333333332
993,320.0,-2.2933,2,1,1.0,508.0,60.0,1975.0,7.0,310000,320.0,-0.6745,0.0,0.0,0.0,-1.349,-0.11241666666666666,0.0,-2.0848181818181817,-2.2933
994,380.0,-1.7537,2,1,1.0,508.0,59.0,2000.0,7.0,320000,380.0,-0.6745,0.0,0.0,0.0,-1.3714833333333334,0.44966666666666666,0.0,-2.0235,-1.7537
995,400.0,-1.5738333333333332,2,1,1.0,508.0,54.0,2000.0,7.0,320000,400.0,-0.6745,0.0,0.0,0.0,-1.4838999999999998,0.44966666666666666,0.0,-2.0235,-1.5738333333333332
996,450.0,-1.1241666666666668,2,1,1.0,508.0,70.0,1975.0,7.0,290000,450.0,-0.6745,0.0,0.0,0.0,-1.1241666666666668,-0.11241666666666666,0.0,-2.2074545454545453,-1.1241666666666668
999,420.0,-1.3939666666666666,2,1,1.0,508.0,90.0,1975.0,7.0,380000,420.0,-0.6745,0.0,0.0,0.0,-0.6745,-0.11241666666666666,0.0,-1.6555909090909091,-1.3939666666666666
1003,350.0,-2.0235,2,1,1.0,508.0,70.0,1975.0,7.0,335000,350.0,-0.6745,0.0,0.0,0.0,-1.1241666666666668,-0.11241666666666666,0.0,-1.9315227272727273,-2.0235
1009,400.0,-1.5738333333333332,2,1,1.0,508.0,100.0,1990.0,7.0,460000,400.0,-0.6745,0.0,0.0,0.0,-0.44966666666666666,0.22483333333333333,0.0,-1.1650454545454545,-1.5738333333333332
1029,460.0,-1.0342333333333333,2,1,1.0,508.0,72.0,1970.0,7.0,390000,460.0,-0.6745,0.0,0.0,0.0,-1.0792,-0.22483333333333333,0.0,-1.5942727272727273,-1.0342333333333333
1033,390.0,-1.6637666666666666,2,1,1.0,508.0,70.0,1975.0,7.0,355000,390.0,-0.6745,0.0,0.0,0.0,-1.1241666666666668,-0.11241666666666666,0.0,-1.8088863636363637,-1.6637666666666666
1034,420.0,-1.3939666666666666,2,1,1.0,508.0,60.0,1975.0,7.0,275000,420.0,-0.6745,0.0,0.0,0.0,-1.349,-0.11241666666666666,0.0,-2.299431818181818,-1.3939666666666666
1036,395.0,-1.6188,2,1,1.0,508.0,61.0,1975.0,7.0,345000,395.0,-0.6745,0.0,0.0,0.0,-1.3265166666666666,-0.11241666666666666,0.0,-1.8702045454545455,-1.6188
1037,385.0,-1.7087333333333334,2,1,1.0,508.0,61.0,1975.0,7.0,345000,385.0,-0.6745,0.0,0.0,0.0,-1.3265166666666666,-0.11241666666666666,0.0,-1.8702045454545455,-1.7087333333333334
1039,395.0,-1.6188,2,1,1.0,508.0,61.0,1975.0,7.0,345000,395.0,-0.6745,0.0,0.0,0.0,-1.3265166666666666,-0.11241666666666666,0.0,-1.8702045454545455,-1.6188
1049,460.0,-1.0342333333333333,2,1,1.0,251.0,89.0,2016.0,7.0,475000,460.0,-0.6745,0.0,0.0,-1.6200607476635513,-0.6969833333333334,0.8094,0.0,-1.0730681818181818,-1.0342333333333333
1060,410.0,-1.4839,2,1,1.0,508.0,60.0,1985.0,7.0,320000,410.0,-0.6745,0.0,0.0,0.0,-1.349,0.11241666666666666,0.0,-2.0235,-1.4839
1062,385.0,-1.7087333333333334,2,1,1.0,508.0,60.0,1975.0,7.0,310000,385.0,-0.6745,0.0,0.0,0.0,-1.349,-0.11241666666666666,0.0,-2.0848181818181817,-1.7087333333333334
1063,450.0,-1.1241666666666668,2,1,1.0,508.0,60.0,1975.0,7.0,310000,450.0,-0.6745,0.0,0.0,0.0,-1.349,-0.11241666666666666,0.0,-2.0848181818181817,-1.1241666666666668
1064,420.0,-1.3939666666666666,2,1,1.0,508.0,60.0,1975.0,7.0,310000,420.0,-0.6745,0.0,0.0,0.0,-1.349,-0.11241666666666666,0.0,-2.0848181818181817,-1.3939666666666666
1065,380.0,-1.7537,2,1,1.0,508.0,60.0,1975.0,7.0,370000,380.0,-0.6745,0.0,0.0,0.0,-1.349,-0.11241666666666666,0.0,-1.716909090909091,-1.7537
1066,450.0,-1.1241666666666668,2,1,1.0,508.0,74.0,1990.0,7.0,495000,450.0,-0.6745,0.0,0.0,0.0,-1.0342333333333333,0.22483333333333333,0.0,-0.9504318181818182,-1.1241666666666668
1067,410.0,-1.4839,2,1,1.0,508.0,60.0,1975.0,7.0,310000,410.0,-0.6745,0.0,0.0,0.0,-1.349,-0.11241666666666666,0.0,-2.0848181818181817,-1.4839
1068,365.0,-1.8886,2,1,1.0,508.0,310.0,1965.0,7.0,410000,365.0,-0.6745,0.0,0.0,0.0,4.271833333333333,-0.33725,0.0,-1.4716363636363636,-1.8886
1069,370.0,-1.8436333333333335,2,1,1.0,508.0,60.0,1975.0,7.0,335000,370.0,-0.6745,0.0,0.0,0.0,-1.349,-0.11241666666666666,0.0,-1.9315227272727273,-1.8436333333333335
1073,410.0,-1.4839,2,1,1.0,508.0,50.0,1975.0,7.0,310000,410.0,-0.6745,0.0,0.0,0.0,-1.5738333333333332,-0.11241666666666666,0.0,-2.0848181818181817,-1.4839
1074,425.0,-1.349,2,1,1.0,508.0,71.0,1960.0,7.0,375000,425.0,-0.6745,0.0,0.0,0.0,-1.1016833333333333,-0.44966666666666666,0.0,-1.68625,-1.349
1077,440.0,-1.2141,2,1,1.0,508.0,92.0,1990.0,7.0,405000,440.0,-0.6745,0.0,0.0,0.0,-0.6295333333333333,0.22483333333333333,0.0,-1.5022954545454545,-1.2141
1079,750.0,1.5738333333333332,2,1,1.0,508.0,180.0,1970.0,7.0,680000,750.0,-0.6745,0.0,0.0,0.0,1.349,-0.22483333333333333,0.0,0.18395454545454545,1.5738333333333332
1115,460.0,-1.0342333333333333,2,1,1.0,508.0,85.0,1955.0,7.0,530000,460.0,-0.6745,0.0,0.0,0.0,-0.7869166666666666,-0.5620833333333334,0.0,-0.7358181818181818,-1.0342333333333333
1119,435.0,-1.2590666666666666,2,1,1.0,508.0,95.0,1980.0,7.0,510000,435.0,-0.6745,0.0,0.0,0.0,-0.5620833333333334,0.0,0.0,-0.8584545454545455,-1.2590666666666666
1127,420.0,-1.3939666666666666,2,1,1.0,508.0,60.0,1970.0,7.0,375000,420.0,-0.6745,0.0,0.0,0.0,-1.349,-0.22483333333333333,0.0,-1.68625,-1.3939666666666666
1133,400.0,-1.5738333333333332,2,1,1.0,739.0,90.0,1940.0,7.0,910000,400.0,-0.6745,0.0,0.0,1.456163551401869,-0.6745,-0.8993333333333333,0.0,1.5942727272727273,-1.5738333333333332
1138,440.0,-1.2141,2,1,1.0,508.0,71.0,1980.0,7.0,460000,440.0,-0.6745,0.0,0.0,0.0,-1.1016833333333333,0.0,0.0,-1.1650454545454545,-1.2141
1139,440.0,-1.2141,2,1,1.0,508.0,90.0,1990.0,7.0,520000,440.0,-0.6745,0.0,0.0,0.0,-0.6745,0.22483333333333333,0.0,-0.7971363636363636,-1.2141
1151,460.0,-1.0342333333333333,2,1,1.0,508.0,82.0,1970.0,7.0,470000,460.0,-0.6745,0.0,0.0,0.0,-0.8543666666666667,-0.22483333333333333,0.0,-1.1037272727272727,-1.0342333333333333
1153,410.0,-1.4839,2,1,1.0,508.0,68.0,1970.0,7.0,440000,410.0,-0.6745,0.0,0.0,0.0,-1.1691333333333334,-0.22483333333333333,0.0,-1.2876818181818181,-1.4839
1154,410.0,-1.4839,2,1,1.0,508.0,90.0,1960.0,7.0,530000,410.0,-0.6745,0.0,0.0,0.0,-0.6745,-0.44966666666666666,0.0,-0.7358181818181818,-1.4839
1159,440.0,-1.2141,2,1,1.0,508.0,81.0,1960.0,7.0,520000,440.0,-0.6745,0.0,0.0,0.0,-0.8768499999999999,-0.44966666666666666,0.0,-0.7971363636363636,-1.2141
1160,395.0,-1.6188,2,1,1.0,508.0,81.0,1960.0,7.0,485000,395.0,-0.6745,0.0,0.0,0.0,-0.8768499999999999,-0.44966666666666666,0.0,-1.01175,-1.6188
1164,430.0,-1.3040333333333332,2,1,1.0,508.0,69.0,1970.0,7.0,445000,430.0,-0.6745,0.0,0.0,0.0,-1.14665,-0.22483333333333333,0.0,-1.2570227272727272,-1.3040333333333332
1165,430.0,-1.3040333333333332,2,1,1.0,508.0,108.0,1970.0,7.0,475000,430.0,-0.6745,0.0,0.0,0.0,-0.2698,-0.22483333333333333,0.0,-1.0730681818181818,-1.3040333333333332
1174,460.0,-1.0342333333333333,2,1,1.0,296.0,90.0,1990.0,7.0,550000,460.0,-0.6745,0.0,0.0,-1.336392523364486,-0.6745,0.22483333333333333,0.0,-0.6131818181818182,-1.0342333333333333
1181,440.0,-1.2141,2,1,1.0,508.0,60.0,1960.0,7.0,590000,440.0,-0.6745,0.0,0.0,0.0,-1.349,-0.44966666666666666,0.0,-0.3679090909090909,-1.2141
1201,450.0,-1.1241666666666668,2,1,1.0,508.0,90.0,1970.0,7.0,485000,450.0,-0.6745,0.0,0.0,0.0,-0.6745,-0.22483333333333333,0.0,-1.01175,-1.1241666666666668
1206,460.0,-1.0342333333333333,2,1,1.0,508.0,96.0,1970.0,7.0,515000,460.0,-0.6745,0.0,0.0,0.0,-0.5396,-0.22483333333333333,0.0,-0.8277954545454546,-1.0342333333333333
1207,750.0,1.5738333333333332,2,1,1.0,129.0,95.0,2023.0,7.0,730000,750.0,-0.6745,0.0,0.0,-2.3891168224299064,-0.5620833333333334,0.9667833333333333,0.0,0.49054545454545456,1.5738333333333332
1217,440.0,-1.2141,2,1,1.0,508.0,71.0,1990.0,7.0,455000,440.0,-0.6745,0.0,0.0,0.0,-1.1016833333333333,0.22483333333333333,0.0,-1.1957045454545454,-1.2141
1221,445.0,-1.1691333333333334,2,1,1.0,216.0,80.0,2000.0,7.0,540000,445.0,-0.6745,0.0,0.0,-1.8406915887850468,-0.8993333333333333,0.44966666666666666,0.0,-0.6745,-1.1691333333333334
1222,460.0,-1.0342333333333333,2,1,1.0,508.0,92.0,1970.0,7.0,460000,460.0,-0.6745,0.0,0.0,0.0,-0.6295333333333333,-0.22483333333333333,0.0,-1.1650454545454545,-1.0342333333333333
1224,440.0,-1.2141,2,1,1.0,508.0,90.0,1990.0,7.0,420000,440.0,-0.6745,0.0,0.0,0.0,-0.6745,0.22483333333333333,0.0,-1.4103181818181818,-1.2141
1226,400.0,-1.5738333333333332,2,1,1.0,508.0,105.0,1970.0,7.0,520000,400.0,-0.6745,0.0,0.0,0.0,-0.33725,-0.22483333333333333,0.0,-0.7971363636363636,-1.5738333333333332
1231,449.0,-1.13316,2,1,1.0,508.0,72.0,1970.0,7.0,450000,449.0,-0.6745,0.0,0.0,0.0,-1.0792,-0.22483333333333333,0.0,-1.2263636363636363,-1.13316
1233,430.0,-1.3040333333333332,2,1,1.0,508.0,60.0,1960.0,7.0,480000,430.0,-0.6745,0.0,0.0,0.0,-1.349,-0.44966666666666666,0.0,-1.0424090909090908,-1.3040333333333332
1256,450.0,-1.1241666666666668,2,1,1.0,508.0,80.0,2000.0,7.0,580000,450.0,-0.6745,0.0,0.0,0.0,-0.8993333333333333,0.44966666666666666,0.0,-0.42922727272727274,-1.1241666666666668
1259,420.0,-1.3939666666666666,2,1,1.0,508.0,80.0,1960.0,7.0,570000,420.0,-0.6745,0.0,0.0,0.0,-0.8993333333333333,-0.44966666666666666,0.0,-0.49054545454545456,-1.3939666666666666
1261,395.0,-1.6188,2,1,1.0,312.0,77.0,1950.0,7.0,445000,395.0,-0.6745,0.0,0.0,-1.235532710280374,-0.9667833333333333,-0.6745,0.0,-1.2570227272727272,-1.6188
1263,450.0,-1.1241666666666668,2,1,1.0,508.0,80.0,1950.0,7.0,510000,450.0,-0.6745,0.0,0.0,0.0,-0.8993333333333333,-0.6745,0.0,-0.8584545454545455,-1.1241666666666668
1266,370.0,-1.8436333333333335,2,1,1.0,508.0,61.0,1970.0,7.0,305000,370.0,-0.6745,0.0,0.0,0.0,-1.3265166666666666,-0.22483333333333333,0.0,-2.1154772727272726,-1.8436333333333335
1267,420.0,-1.3939666666666666,2,1,1.0,508.0,90.0,1975.0,7.0,440000,420.0,-0.6745,0.0,0.0,0.0,-0.6745,-0.11241666666666666,0.0,-1.2876818181818181,-1.3939666666666666
1268,420.0,-1.3939666666666666,2,1,1.0,508.0,50.0,1965.0,7.0,305000,420.0,-0.6745,0.0,0.0,0.0,-1.5738333333333332,-0.33725,0.0,-2.1154772727272726,-1.3939666666666666
1280,395.0,-1.6188,2,1,1.0,508.0,60.0,1975.0,7.0,305000,395.0,-0.6745,0.0,0.0,0.0,-1.349,-0.11241666666666666,0.0,-2.1154772727272726,-1.6188
1281,400.0,-1.5738333333333332,2,1,1.0,508.0,60.0,1975.0,7.0,300000,400.0,-0.6745,0.0,0.0,0.0,-1.349,-0.11241666666666666,0.0,-2.1461363636363635,-1.5738333333333332
1282,420.0,-1.3939666666666666,2,1,1.0,508.0,54.0,1970.0,7.0,360000,420.0,-0.6745,0.0,0.0,0.0,-1.4838999999999998,-0.22483333333333333,0.0,-1.7782272727272728,-1.3939666666666666
1283,370.0,-1.8436333333333335,2,1,1.0,508.0,54.0,1970.0,7.0,340000,370.0,-0.6745,0.0,0.0,0.0,-1.4838999999999998,-0.22483333333333333,0.0,-1.9008636363636364,-1.8436333333333335
1288,425.0,-1.349,2,1,1.0,508.0,50.0,1975.0,7.0,355000,425.0,-0.6745,0.0,0.0,0.0,-1.5738333333333332,-0.11241666666666666,0.0,-1.8088863636363637,-1.349
1294,350.0,-2.0235,2,1,1.0,508.0,70.0,1965.0,7.0,410000,350.0,-0.6745,0.0,0.0,0.0,-1.1241666666666668,-0.33725,0.0,-1.4716363636363636,-2.0235
1305,330.0,-2.2033666666666667,2,1,1.0,508.0,100.0,1965.0,7.0,475000,330.0,-0.6745,0.0,0.0,0.0,-0.44966666666666666,-0.33725,0.0,-1.0730681818181818,-2.2033666666666667
1308,450.0,-1.1241666666666668,2,1,1.0,222.0,83.0,2000.0,7.0,515000,450.0,-0.6745,0.0,0.0,-1.8028691588785049,-0.8318833333333333,0.44966666666666666,0.0,-0.8277954545454546,-1.1241666666666668
1309,430.0,-1.3040333333333332,2,1,1.0,178.0,82.0,2000.0,7.0,515000,430.0,-0.6745,0.0,0.0,-2.0802336448598133,-0.8543666666666667,0.44966666666666666,0.0,-0.8277954545454546,-1.3040333333333332
1311,420.0,-1.3939666666666666,2,1,1.0,508.0,60.0,1965.0,7.0,320000,420.0,-0.6745,0.0,0.0,0.0,-1.349,-0.33725,0.0,-2.0235,-1.3939666666666666
1320,430.0,-1.3040333333333332,2,1,1.0,508.0,70.0,1985.0,7.0,345000,430.0,-0.6745,0.0,0.0,0.0,-1.1241666666666668,0.11241666666666666,0.0,-1.8702045454545455,-1.3040333333333332
1321,420.0,-1.3939666666666666,2,1,1.0,508.0,90.0,1975.0,7.0,400000,420.0,-0.6745,0.0,0.0,0.0,-0.6745,-0.11241666666666666,0.0,-1.5329545454545455,-1.3939666666666666
1324,375.0,-1.7986666666666666,2,1,1.0,508.0,60.0,1975.0,7.0,275000,375.0,-0.6745,0.0,0.0,0.0,-1.349,-0.11241666666666666,0.0,-2.299431818181818,-1.7986666666666666
1326,440.0,-1.2141,2,1,1.0,508.0,58.0,1970.0,7.0,380000,440.0,-0.6745,0.0,0.0,0.0,-1.3939666666666668,-0.22483333333333333,0.0,-1.6555909090909091,-1.2141
1331,420.0,-1.3939666666666666,2,1,1.0,508.0,94.0,1970.0,7.0,305000,420.0,-0.6745,0.0,0.0,0.0,-0.5845666666666667,-0.22483333333333333,0.0,-2.1154772727272726,-1.3939666666666666
1334,450.0,-1.1241666666666668,2,1,1.0,508.0,65.0,1965.0,7.0,430000,450.0,-0.6745,0.0,0.0,0.0,-1.2365833333333331,-0.33725,0.0,-1.349,-1.1241666666666668
1338,325.0,-2.2483333333333335,2,1,1.0,508.0,70.0,1975.0,7.0,320000,325.0,-0.6745,0.0,0.0,0.0,-1.1241666666666668,-0.11241666666666666,0.0,-2.0235,-2.2483333333333335
1341,450.0,-1.1241666666666668,2,1,1.0,508.0,78.0,2000.0,7.0,515000,450.0,-0.6745,0.0,0.0,0.0,-0.9443,0.44966666666666666,0.0,-0.8277954545454546,-1.1241666666666668
1353,450.0,-1.1241666666666668,2,1,1.0,508.0,80.0,2000.0,7.0,570000,450.0,-0.6745,0.0,0.0,0.0,-0.8993333333333333,0.44966666666666666,0.0,-0.49054545454545456,-1.1241666666666668
1357,360.0,-1.9335666666666664,2,1,1.0,508.0,73.0,2000.0,7.0,580000,360.0,-0.6745,0.0,0.0,0.0,-1.0567166666666667,0.44966666666666666,0.0,-0.42922727272727274,-1.9335666666666664
1359,450.0,-1.1241666666666668,2,1,1.0,508.0,90.0,1965.0,7.0,470000,450.0,-0.6745,0.0,0.0,0.0,-0.6745,-0.33725,0.0,-1.1037272727272727,-1.1241666666666668
1360,450.0,-1.1241666666666668,2,1,1.0,508.0,100.0,1965.0,7.0,395000,450.0,-0.6745,0.0,0.0,0.0,-0.44966666666666666,-0.33725,0.0,-1.5636136363636364,-1.1241666666666668
1364,420.0,-1.3939666666666666,2,1,1.0,627.0,104.0,1950.0,7.0,550000,420.0,-0.6745,0.0,0.0,0.7501448598130841,-0.35973333333333335,-0.6745,0.0,-0.6131818181818182,-1.3939666666666666
1365,440.0,-1.2141,2,1,1.0,508.0,68.0,2018.0,7.0,455000,440.0,-0.6745,0.0,0.0,0.0,-1.1691333333333334,0.8543666666666667,0.0,-1.1957045454545454,-1.2141
1367,420.0,-1.3939666666666666,2,1,1.0,508.0,100.0,2015.0,7.0,530000,420.0,-0.6745,0.0,0.0,0.0,-0.44966666666666666,0.7869166666666666,0.0,-0.7358181818181818,-1.3939666666666666
1388,440.0,-1.2141,2,1,1.0,508.0,75.0,1960.0,7.0,390000,440.0,-0.6745,0.0,0.0,0.0,-1.01175,-0.44966666666666666,0.0,-1.5942727272727273,-1.2141
1390,430.0,-1.3040333333333332,2,1,1.0,508.0,100.0,1970.0,7.0,475000,430.0,-0.6745,0.0,0.0,0.0,-0.44966666666666666,-0.22483333333333333,0.0,-1.0730681818181818,-1.3040333333333332
1393,450.0,-1.1241666666666668,2,1,1.0,508.0,60.0,1975.0,7.0,400000,450.0,-0.6745,0.0,0.0,0.0,-1.349,-0.11241666666666666,0.0,-1.5329545454545455,-1.1241666666666668
1395,340.0,-2.113433333333333,2,1,1.0,508.0,50.0,1975.0,7.0,290000,340.0,-0.6745,0.0,0.0,0.0,-1.5738333333333332,-0.11241666666666666,0.0,-2.2074545454545453,-2.113433333333333
1405,450.0,-1.1241666666666668,2,1,1.0,508.0,112.0,1970.0,7.0,460000,450.0,-0.6745,0.0,0.0,0.0,-0.17986666666666667,-0.22483333333333333,0.0,-1.1650454545454545,-1.1241666666666668
1407,435.0,-1.2590666666666666,2,1,1.0,508.0,70.0,1990.0,7.0,495000,435.0,-0.6745,0.0,0.0,0.0,-1.1241666666666668,0.22483333333333333,0.0,-0.9504318181818182,-1.2590666666666666
1432,425.0,-1.349,2,1,1.0,508.0,101.0,1970.0,7.0,490000,425.0,-0.6745,0.0,0.0,0.0,-0.42718333333333336,-0.22483333333333333,0.0,-0.9810909090909091,-1.349
1456,460.0,-1.0342333333333333,2,1,1.0,508.0,80.0,1965.0,7.0,460000,460.0,-0.6745,0.0,0.0,0.0,-0.8993333333333333,-0.33725,0.0,-1.1650454545454545,-1.0342333333333333
1459,460.0,-1.0342333333333333,2,1,1.0,508.0,83.0,2005.0,7.0,500000,460.0,-0.6745,0.0,0.0,0.0,-0.8318833333333333,0.5620833333333334,0.0,-0.9197727272727273,-1.0342333333333333
1480,450.0,-1.1241666666666668,2,1,1.0,508.0,94.0,1970.0,7.0,405000,450.0,-0.6745,0.0,0.0,0.0,-0.5845666666666667,-0.22483333333333333,0.0,-1.5022954545454545,-1.1241666666666668
1537,460.0,-1.0342333333333333,2,1,1.0,508.0,71.0,1970.0,7.0,440000,460.0,-0.6745,0.0,0.0,0.0,-1.1016833333333333,-0.22483333333333333,0.0,-1.2876818181818181,-1.0342333333333333
1542,395.0,-1.6188,2,1,1.0,508.0,83.0,1980.0,7.0,355000,395.0,-0.6745,0.0,0.0,0.0,-0.8318833333333333,0.0,0.0,-1.8088863636363637,-1.6188
1544,420.0,-1.3939666666666666,2,1,1.0,508.0,87.0,1990.0,7.0,390000,420.0,-0.6745,0.0,0.0,0.0,-0.7419499999999999,0.22483333333333333,0.0,-1.5942727272727273,-1.3939666666666666
1564,720.0,1.3040333333333332,2,1,1.0,123.0,100.0,2023.0,7.0,640000,720.0,-0.6745,0.0,0.0,-2.4269392523364486,-0.44966666666666666,0.9667833333333333,0.0,-0.06131818181818182,1.3040333333333332
1565,695.0,1.0792,2,1,1.0,123.0,100.0,2023.0,7.0,640000,695.0,-0.6745,0.0,0.0,-2.4269392523364486,-0.44966666666666666,0.9667833333333333,0.0,-0.06131818181818182,1.0792
1575,450.0,-1.1241666666666668,2,1,1.0,508.0,70.0,1965.0,7.0,410000,450.0,-0.6745,0.0,0.0,0.0,-1.1241666666666668,-0.33725,0.0,-1.4716363636363636,-1.1241666666666668
1578,450.0,-1.1241666666666668,2,1,1.0,508.0,130.0,1980.0,7.0,775000,450.0,-0.6745,0.0,0.0,0.0,0.22483333333333333,0.0,0.0,0.7664772727272727,-1.1241666666666668
1581,450.0,-1.1241666666666668,2,1,1.0,508.0,100.0,1960.0,7.0,570000,450.0,-0.6745,0.0,0.0,0.0,-0.44966666666666666,-0.44966666666666666,0.0,-0.49054545454545456,-1.1241666666666668
1584,405.0,-1.5288666666666666,2,1,1.0,508.0,70.0,1970.0,7.0,440000,405.0,-0.6745,0.0,0.0,0.0,-1.1241666666666668,-0.22483333333333333,0.0,-1.2876818181818181,-1.5288666666666666
1585,410.0,-1.4839,2,1,1.0,508.0,70.0,1970.0,7.0,520000,410.0,-0.6745,0.0,0.0,0.0,-1.1241666666666668,-0.22483333333333333,0.0,-0.7971363636363636,-1.4839
1586,440.0,-1.2141,2,1,1.0,508.0,90.0,1960.0,7.0,480000,440.0,-0.6745,0.0,0.0,0.0,-0.6745,-0.44966666666666666,0.0,-1.0424090909090908,-1.2141
1596,425.0,-1.349,2,1,1.0,508.0,80.0,1975.0,7.0,390000,425.0,-0.6745,0.0,0.0,0.0,-0.8993333333333333,-0.11241666666666666,0.0,-1.5942727272727273,-1.349
1611,400.0,-1.5738333333333332,2,1,1.0,508.0,50.0,1970.0,7.0,415000,400.0,-0.6745,0.0,0.0,0.0,-1.5738333333333332,-0.22483333333333333,0.0,-1.4409772727272727,-1.5738333333333332
1612,380.0,-1.7537,2,1,1.0,508.0,50.0,1970.0,7.0,410000,380.0,-0.6745,0.0,0.0,0.0,-1.5738333333333332,-0.22483333333333333,0.0,-1.4716363636363636,-1.7537
1614,420.0,-1.3939666666666666,2,1,1.0,508.0,50.0,1970.0,7.0,350000,420.0,-0.6745,0.0,0.0,0.0,-1.5738333333333332,-0.22483333333333333,0.0,-1.8395454545454546,-1.3939666666666666
1615,420.0,-1.3939666666666666,2,1,1.0,508.0,50.0,1975.0,7.0,350000,420.0,-0.6745,0.0,0.0,0.0,-1.5738333333333332,-0.11241666666666666,0.0,-1.8395454545454546,-1.3939666666666666
1616,450.0,-1.1241666666666668,2,1,1.0,508.0,50.0,1970.0,7.0,350000,450.0,-0.6745,0.0,0.0,0.0,-1.5738333333333332,-0.22483333333333333,0.0,-1.8395454545454546,-1.1241666666666668
1618,420.0,-1.3939666666666666,2,1,1.0,508.0,100.0,1980.0,7.0,670000,420.0,-0.6745,0.0,0.0,0.0,-0.44966666666666666,0.0,0.0,0.12263636363636364,-1.3939666666666666
1631,295.0,-2.518133333333333,2,1,1.0,539.0,140.0,1910.0,7.0,600000,295.0,-0.6745,0.0,0.0,0.1954158878504673,0.44966666666666666,-1.5738333333333332,0.0,-0.3065909090909091,-2.518133333333333
1649,450.0,-1.1241666666666668,2,1,1.0,508.0,90.0,1975.0,7.0,510000,450.0,-0.6745,0.0,0.0,0.0,-0.6745,-0.11241666666666666,0.0,-0.8584545454545455,-1.1241666666666668
1658,460.0,-1.0342333333333333,2,1,1.0,508.0,70.0,1960.0,7.0,495000,460.0,-0.6745,0.0,0.0,0.0,-1.1241666666666668,-0.44966666666666666,0.0,-0.9504318181818182,-1.0342333333333333
1664,430.0,-1.3040333333333332,2,1,1.0,508.0,80.0,1940.0,7.0,520000,430.0,-0.6745,0.0,0.0,0.0,-0.8993333333333333,-0.8993333333333333,0.0,-0.7971363636363636,-1.3040333333333332
1683,460.0,-1.0342333333333333,2,1,1.0,508.0,70.0,1970.0,7.0,550000,460.0,-0.6745,0.0,0.0,0.0,-1.1241666666666668,-0.22483333333333333,0.0,-0.6131818181818182,-1.0342333333333333
1687,450.0,-1.1241666666666668,2,1,1.0,508.0,70.0,1960.0,7.0,430000,450.0,-0.6745,0.0,0.0,0.0,-1.1241666666666668,-0.44966666666666666,0.0,-1.349,-1.1241666666666668
1688,450.0,-1.1241666666666668,2,1,1.0,508.0,70.0,1960.0,7.0,430000,450.0,-0.6745,0.0,0.0,0.0,-1.1241666666666668,-0.44966666666666666,0.0,-1.349,-1.1241666666666668
1708,420.0,-1.3939666666666666,2,1,1.0,508.0,90.0,1975.0,7.0,420000,420.0,-0.6745,0.0,0.0,0.0,-0.6745,-0.11241666666666666,0.0,-1.4103181818181818,-1.3939666666666666
1722,400.0,-1.5738333333333332,2,1,1.0,508.0,84.0,1980.0,7.0,590000,400.0,-0.6745,0.0,0.0,0.0,-0.8094,0.0,0.0,-0.3679090909090909,-1.5738333333333332
1723,430.0,-1.3040333333333332,2,1,1.0,508.0,77.0,1980.0,7.0,790000,430.0,-0.6745,0.0,0.0,0.0,-0.9667833333333333,0.0,0.0,0.8584545454545455,-1.3040333333333332
1736,340.0,-2.113433333333333,2,1,1.0,508.0,50.0,1970.0,7.0,455000,340.0,-0.6745,0.0,0.0,0.0,-1.5738333333333332,-0.22483333333333333,0.0,-1.1957045454545454,-2.113433333333333
1738,450.0,-1.1241666666666668,2,1,1.0,508.0,90.0,1950.0,7.0,570000,450.0,-0.6745,0.0,0.0,0.0,-0.6745,-0.6745,0.0,-0.49054545454545456,-1.1241666666666668
1742,435.0,-1.2590666666666666,2,1,1.0,508.0,60.0,1980.0,7.0,510000,435.0,-0.6745,0.0,0.0,0.0,-1.349,0.0,0.0,-0.8584545454545455,-1.2590666666666666
1752,440.0,-1.2141,2,1,1.0,508.0,60.0,1985.0,7.0,540000,440.0,-0.6745,0.0,0.0,0.0,-1.349,0.11241666666666666,0.0,-0.6745,-1.2141
1763,440.0,-1.2141,2,1,1.0,508.0,60.0,1970.0,7.0,420000,440.0,-0.6745,0.0,0.0,0.0,-1.349,-0.22483333333333333,0.0,-1.4103181818181818,-1.2141
1768,420.0,-1.3939666666666666,2,1,1.0,508.0,60.0,1960.0,7.0,395000,420.0,-0.6745,0.0,0.0,0.0,-1.349,-0.44966666666666666,0.0,-1.5636136363636364,-1.3939666666666666
1773,460.0,-1.0342333333333333,2,1,1.0,508.0,80.0,1970.0,7.0,510000,460.0,-0.6745,0.0,0.0,0.0,-0.8993333333333333,-0.22483333333333333,0.0,-0.8584545454545455,-1.0342333333333333
1774,420.0,-1.3939666666666666,2,1,1.0,508.0,70.0,1975.0,7.0,470000,420.0,-0.6745,0.0,0.0,0.0,-1.1241666666666668,-0.11241666666666666,0.0,-1.1037272727272727,-1.3939666666666666
1780,430.0,-1.3040333333333332,2,1,1.0,508.0,70.0,1970.0,7.0,410000,430.0,-0.6745,0.0,0.0,0.0,-1.1241666666666668,-0.22483333333333333,0.0,-1.4716363636363636,-1.3040333333333332
1789,460.0,-1.0342333333333333,2,1,1.0,610.0,110.0,1960.0,7.0,850000,460.0,-0.6745,0.0,0.0,0.6429813084112149,-0.22483333333333333,-0.44966666666666666,0.0,1.2263636363636363,-1.0342333333333333
1820,460.0,-1.0342333333333333,2,1,1.0,508.0,110.0,1965.0,7.0,560000,460.0,-0.6745,0.0,0.0,0.0,-0.22483333333333333,-0.33725,0.0,-0.5518636363636363,-1.0342333333333333
1837,450.0,-1.1241666666666668,2,1,1.0,508.0,81.0,2000.0,7.0,425000,450.0,-0.6745,0.0,0.0,0.0,-0.8768499999999999,0.44966666666666666,0.0,-1.379659090909091,-1.1241666666666668
1840,460.0,-1.0342333333333333,2,1,1.0,508.0,80.0,1965.0,7.0,460000,460.0,-0.6745,0.0,0.0,0.0,-0.8993333333333333,-0.33725,0.0,-1.1650454545454545,-1.0342333333333333
1841,390.0,-1.6637666666666666,2,1,1.0,508.0,70.0,1965.0,7.0,420000,390.0,-0.6745,0.0,0.0,0.0,-1.1241666666666668,-0.33725,0.0,-1.4103181818181818,-1.6637666666666666
1844,435.0,-1.2590666666666666,2,1,1.0,508.0,80.0,1990.0,7.0,520000,435.0,-0.6745,0.0,0.0,0.0,-0.8993333333333333,0.22483333333333333,0.0,-0.7971363636363636,-1.2590666666666666
1848,450.0,-1.1241666666666668,2,1,1.0,508.0,80.0,1975.0,7.0,360000,450.0,-0.6745,0.0,0.0,0.0,-0.8993333333333333,-0.11241666666666666,0.0,-1.7782272727272728,-1.1241666666666668
1860,435.0,-1.2590666666666666,2,1,1.0,508.0,60.0,1975.0,7.0,370000,435.0,-0.6745,0.0,0.0,0.0,-1.349,-0.11241666666666666,0.0,-1.716909090909091,-1.2590666666666666
1861,420.0,-1.3939666666666666,2,1,1.0,508.0,60.0,1975.0,7.0,385000,420.0,-0.6745,0.0,0.0,0.0,-1.349,-0.11241666666666666,0.0,-1.6249318181818182,-1.3939666666666666
1864,400.0,-1.5738333333333332,2,1,1.0,508.0,90.0,1990.0,7.0,435000,400.0,-0.6745,0.0,0.0,0.0,-0.6745,0.22483333333333333,0.0,-1.318340909090909,-1.5738333333333332
1868,440.0,-1.2141,2,1,1.0,508.0,120.0,1995.0,7.0,520000,440.0,-0.6745,0.0,0.0,0.0,0.0,0.33725,0.0,-0.7971363636363636,-1.2141
1872,450.0,-1.1241666666666668,2,1,1.0,508.0,70.0,1975.0,7.0,370000,450.0,-0.6745,0.0,0.0,0.0,-1.1241666666666668,-0.11241666666666666,0.0,-1.716909090909091,-1.1241666666666668
1875,420.0,-1.3939666666666666,2,1,1.0,508.0,60.0,1975.0,7.0,275000,420.0,-0.6745,0.0,0.0,0.0,-1.349,-0.11241666666666666,0.0,-2.299431818181818,-1.3939666666666666
1876,360.0,-1.9335666666666664,2,1,1.0,508.0,70.0,1965.0,7.0,385000,360.0,-0.6745,0.0,0.0,0.0,-1.1241666666666668,-0.33725,0.0,-1.6249318181818182,-1.9335666666666664
1878,400.0,-1.5738333333333332,2,1,1.0,508.0,50.0,1975.0,7.0,375000,400.0,-0.6745,0.0,0.0,0.0,-1.5738333333333332,-0.11241666666666666,0.0,-1.68625,-1.5738333333333332
1884,430.0,-1.3040333333333332,2,1,1.0,508.0,82.0,1975.0,7.0,425000,430.0,-0.6745,0.0,0.0,0.0,-0.8543666666666667,-0.11241666666666666,0.0,-1.379659090909091,-1.3040333333333332
1886,460.0,-1.0342333333333333,2,1,1.0,508.0,70.0,1965.0,7.0,510000,460.0,-0.6745,0.0,0.0,0.0,-1.1241666666666668,-0.33725,0.0,-0.8584545454545455,-1.0342333333333333
1890,390.0,-1.6637666666666666,2,1,1.0,508.0,60.0,1975.0,7.0,345000,390.0,-0.6745,0.0,0.0,0.0,-1.349,-0.11241666666666666,0.0,-1.8702045454545455,-1.6637666666666666
1891,330.0,-2.2033666666666667,2,1,1.0,508.0,62.0,1970.0,7.0,335000,330.0,-0.6745,0.0,0.0,0.0,-1.3040333333333334,-0.22483333333333333,0.0,-1.9315227272727273,-2.2033666666666667
1895,420.0,-1.3939666666666666,2,1,1.0,508.0,90.0,1990.0,7.0,445000,420.0,-0.6745,0.0,0.0,0.0,-0.6745,0.22483333333333333,0.0,-1.2570227272727272,-1.3939666666666666
1896,420.0,-1.3939666666666666,2,1,1.0,508.0,90.0,1975.0,7.0,465000,420.0,-0.6745,0.0,0.0,0.0,-0.6745,-0.11241666666666666,0.0,-1.1343863636363636,-1.3939666666666666
1902,395.0,-1.6188,2,1,1.0,508.0,50.0,1975.0,7.0,340000,395.0,-0.6745,0.0,0.0,0.0,-1.5738333333333332,-0.11241666666666666,0.0,-1.9008636363636364,-1.6188
1905,430.0,-1.3040333333333332,2,1,1.0,508.0,70.0,1975.0,7.0,450000,430.0,-0.6745,0.0,0.0,0.0,-1.1241666666666668,-0.11241666666666666,0.0,-1.2263636363636363,-1.3040333333333332
1908,390.0,-1.6637666666666666,2,1,1.0,508.0,60.0,1975.0,7.0,450000,390.0,-0.6745,0.0,0.0,0.0,-1.349,-0.11241666666666666,0.0,-1.2263636363636363,-1.6637666666666666
1912,380.0,-1.7537,2,1,1.0,508.0,60.0,1975.0,7.0,375000,380.0,-0.6745,0.0,0.0,0.0,-1.349,-0.11241666666666666,0.0,-1.68625,-1.7537
1915,420.0,-1.3939666666666666,2,1,1.0,173.0,85.0,2000.0,7.0,530000,420.0,-0.6745,0.0,0.0,-2.1117523364485984,-0.7869166666666666,0.44966666666666666,0.0,-0.7358181818181818,-1.3939666666666666
1929,395.0,-1.6188,2,1,1.0,508.0,71.0,2018.0,7.0,630000,395.0,-0.6745,0.0,0.0,0.0,-1.1016833333333333,0.8543666666666667,0.0,-0.12263636363636364,-1.6188
1935,950.0,3.3725,2,1,1.0,688.0,160.0,1950.0,7.0,800000,950.0,-0.6745,0.0,0.0,1.1346728971962616,0.8993333333333333,-0.6745,0.0,0.9197727272727273,3.3725
1936,370.0,-1.8436333333333335,2,1,1.0,508.0,80.0,1965.0,7.0,455000,370.0,-0.6745,0.0,0.0,0.0,-0.8993333333333333,-0.33725,0.0,-1.1957045454545454,-1.8436333333333335
1939,925.0,3.1476666666666664,2,1,1.0,479.0,137.0,2000.0,7.0,560000,925.0,-0.6745,0.0,0.0,-0.18280841121495328,0.38221666666666665,0.44966666666666666,0.0,-0.5518636363636363,3.1476666666666664
1948,460.0,-1.0342333333333333,2,1,1.0,508.0,90.0,1970.0,7.0,410000,460.0,-0.6745,0.0,0.0,0.0,-0.6745,-0.22483333333333333,0.0,-1.4716363636363636,-1.0342333333333333
1952,420.0,-1.3939666666666666,2,1,1.0,508.0,72.0,1940.0,7.0,780000,420.0,-0.6745,0.0,0.0,0.0,-1.0792,-0.8993333333333333,0.0,0.7971363636363636,-1.3939666666666666
1953,440.0,-1.2141,2,1,1.0,508.0,80.0,1965.0,7.0,485000,440.0,-0.6745,0.0,0.0,0.0,-0.8993333333333333,-0.33725,0.0,-1.01175,-1.2141
1958,415.0,-1.4389333333333334,2,1,1.0,508.0,90.0,1960.0,7.0,475000,415.0,-0.6745,0.0,0.0,0.0,-0.6745,-0.44966666666666666,0.0,-1.0730681818181818,-1.4389333333333334
1965,430.0,-1.3040333333333332,2,1,1.0,508.0,70.0,1975.0,7.0,450000,430.0,-0.6745,0.0,0.0,0.0,-1.1241666666666668,-0.11241666666666666,0.0,-1.2263636363636363,-1.3040333333333332
2001,430.0,-1.3040333333333332,2,1,1.0,508.0,70.0,1975.0,7.0,415000,430.0,-0.6745,0.0,0.0,0.0,-1.1241666666666668,-0.11241666666666666,0.0,-1.4409772727272727,-1.3040333333333332
2002,420.0,-1.3939666666666666,2,1,1.0,508.0,87.0,2016.0,7.0,460000,420.0,-0.6745,0.0,0.0,0.0,-0.7419499999999999,0.8094,0.0,-1.1650454545454545,-1.3939666666666666
2016,450.0,-1.1241666666666668,2,1,1.0,508.0,90.0,2016.0,7.0,480000,450.0,-0.6745,0.0,0.0,0.0,-0.6745,0.8094,0.0,-1.0424090909090908,-1.1241666666666668
2017,400.0,-1.5738333333333332,2,1,1.0,508.0,59.0,2000.0,7.0,440000,400.0,-0.6745,0.0,0.0,0.0,-1.3714833333333334,0.44966666666666666,0.0,-1.2876818181818181,-1.5738333333333332
2032,450.0,-1.1241666666666668,2,1,1.0,174.0,95.0,2000.0,7.0,470000,450.0,-0.6745,0.0,0.0,-2.105448598130841,-0.5620833333333334,0.44966666666666666,0.0,-1.1037272727272727,-1.1241666666666668
2033,410.0,-1.4839,2,1,1.0,508.0,60.0,1975.0,7.0,330000,410.0,-0.6745,0.0,0.0,0.0,-1.349,-0.11241666666666666,0.0,-1.9621818181818182,-1.4839
2034,450.0,-1.1241666666666668,2,1,1.0,508.0,70.0,1975.0,7.0,320000,450.0,-0.6745,0.0,0.0,0.0,-1.1241666666666668,-0.11241666666666666,0.0,-2.0235,-1.1241666666666668
2036,420.0,-1.3939666666666666,2,1,1.0,508.0,50.0,2016.0,7.0,510000,420.0,-0.6745,0.0,0.0,0.0,-1.5738333333333332,0.8094,0.0,-0.8584545454545455,-1.3939666666666666
2039,460.0,-1.0342333333333333,2,1,1.0,508.0,90.0,1990.0,7.0,445000,460.0,-0.6745,0.0,0.0,0.0,-0.6745,0.22483333333333333,0.0,-1.2570227272727272,-1.0342333333333333
2047,420.0,-1.3939666666666666,2,1,1.0,508.0,55.0,2018.0,7.0,425000,420.0,-0.6745,0.0,0.0,0.0,-1.4614166666666668,0.8543666666666667,0.0,-1.379659090909091,-1.3939666666666666
2050,450.0,-1.1241666666666668,2,1,1.0,98.0,97.0,2000.0,7.0,540000,450.0,-0.6745,0.0,0.0,-2.584532710280374,-0.5171166666666667,0.44966666666666666,0.0,-0.6745,-1.1241666666666668
2052,420.0,-1.3939666666666666,2,1,1.0,508.0,80.0,1975.0,7.0,365000,420.0,-0.6745,0.0,0.0,0.0,-0.8993333333333333,-0.11241666666666666,0.0,-1.7475681818181819,-1.3939666666666666
2060,400.0,-1.5738333333333332,2,1,1.0,508.0,80.0,1975.0,7.0,400000,400.0,-0.6745,0.0,0.0,0.0,-0.8993333333333333,-0.11241666666666666,0.0,-1.5329545454545455,-1.5738333333333332
2069,435.0,-1.2590666666666666,2,1,1.0,659.0,80.0,1950.0,7.0,570000,435.0,-0.6745,0.0,0.0,0.9518644859813084,-0.8993333333333333,-0.6745,0.0,-0.49054545454545456,-1.2590666666666666
2070,450.0,-1.1241666666666668,2,1,1.0,251.0,95.0,2016.0,7.0,630000,450.0,-0.6745,0.0,0.0,-1.6200607476635513,-0.5620833333333334,0.8094,0.0,-0.12263636363636364,-1.1241666666666668
2079,410.0,-1.4839,2,1,1.0,508.0,84.0,2000.0,7.0,410000,410.0,-0.6745,0.0,0.0,0.0,-0.8094,0.44966666666666666,0.0,-1.4716363636363636,-1.4839
2081,450.0,-1.1241666666666668,2,1,1.0,508.0,70.0,1975.0,7.0,400000,450.0,-0.6745,0.0,0.0,0.0,-1.1241666666666668,-0.11241666666666666,0.0,-1.5329545454545455,-1.1241666666666668
2085,450.0,-1.1241666666666668,2,1,1.0,508.0,80.0,1965.0,7.0,385000,450.0,-0.6745,0.0,0.0,0.0,-0.8993333333333333,-0.33725,0.0,-1.6249318181818182,-1.1241666666666668
2089,440.0,-1.2141,2,1,1.0,508.0,70.0,1970.0,7.0,375000,440.0,-0.6745,0.0,0.0,0.0,-1.1241666666666668,-0.22483333333333333,0.0,-1.68625,-1.2141
2092,400.0,-1.5738333333333332,2,1,1.0,508.0,80.0,1975.0,7.0,350000,400.0,-0.6745,0.0,0.0,0.0,-0.8993333333333333,-0.11241666666666666,0.0,-1.8395454545454546,-1.5738333333333332
2093,415.0,-1.4389333333333334,2,1,1.0,508.0,80.0,1975.0,7.0,370000,415.0,-0.6745,0.0,0.0,0.0,-0.8993333333333333,-0.11241666666666666,0.0,-1.716909090909091,-1.4389333333333334
2095,380.0,-1.7537,2,1,1.0,508.0,90.0,1975.0,7.0,390000,380.0,-0.6745,0.0,0.0,0.0,-0.6745,-0.11241666666666666,0.0,-1.5942727272727273,-1.7537
2123,400.0,-1.5738333333333332,2,1,1.0,508.0,60.0,1975.0,7.0,370000,400.0,-0.6745,0.0,0.0,0.0,-1.349,-0.11241666666666666,0.0,-1.716909090909091,-1.5738333333333332
2130,420.0,-1.3939666666666666,2,1,1.0,508.0,80.0,1975.0,7.0,400000,420.0,-0.6745,0.0,0.0,0.0,-0.8993333333333333,-0.11241666666666666,0.0,-1.5329545454545455,-1.3939666666666666
2134,430.0,-1.3040333333333332,2,1,1.0,508.0,90.0,1920.0,7.0,500000,430.0,-0.6745,0.0,0.0,0.0,-0.6745,-1.349,0.0,-0.9197727272727273,-1.3040333333333332
2196,240.0,-3.012766666666667,3,1,1.0,508.0,135.0,2000.0,7.0,540000,240.0,0.0,0.0,0.0,0.0,0.33725,0.44966666666666666,0.0,-0.6745,-3.012766666666667
2254,700.0,1.1241666666666668,3,1,1.0,536.0,149.0,1950.0,7.0,700000,700.0,0.0,0.0,0.0,0.17650467289719626,0.6520166666666667,-0.6745,0.0,0.3065909090909091,1.1241666666666668
2323,450.0,-1.1241666666666668,3,1,1.0,508.0,120.0,1990.0,7.0,450000,450.0,0.0,0.0,0.0,0.0,0.0,0.22483333333333333,0.0,-1.2263636363636363,-1.1241666666666668
2339,410.0,-1.4839,3,1,1.0,508.0,140.0,1940.0,7.0,920000,410.0,0.0,0.0,0.0,0.0,0.44966666666666666,-0.8993333333333333,0.0,1.6555909090909091,-1.4839
2475,890.0,2.8329,3,1,1.0,615.0,100.0,1940.0,7.0,600000,890.0,0.0,0.0,0.0,0.6745,-0.44966666666666666,-0.8993333333333333,0.0,-0.3065909090909091,2.8329
2479,400.0,-1.5738333333333332,3,1,1.0,787.0,110.0,1940.0,7.0,660000,400.0,0.0,0.0,0.0,1.7587429906542056,-0.22483333333333333,-0.8993333333333333,0.0,0.06131818181818182,-1.5738333333333332
2495,750.0,1.5738333333333332,3,1,1.0,508.0,140.0,1995.0,7.0,800000,750.0,0.0,0.0,0.0,0.0,0.44966666666666666,0.33725,0.0,0.9197727272727273,1.5738333333333332
2554,750.0,1.5738333333333332,3,1,1.0,716.0,104.0,1950.0,7.0,650000,750.0,0.0,0.0,0.0,1.3111775700934578,-0.35973333333333335,-0.6745,0.0,0.0,1.5738333333333332
2561,975.0,3.5973333333333333,3,1,1.0,508.0,124.0,1940.0,7.0,780000,975.0,0.0,0.0,0.0,0.0,0.08993333333333334,-0.8993333333333333,0.0,0.7971363636363636,3.5973333333333333
2671,220.0,-3.192633333333333,3,1,1.0,508.0,100.0,1930.0,7.0,805000,220.0,0.0,0.0,0.0,0.0,-0.44966666666666666,-1.1241666666666668,0.0,0.9504318181818182,-3.192633333333333
2674,420.0,-1.3939666666666666,3,1,1.0,508.0,120.0,1980.0,7.0,560000,420.0,0.0,0.0,0.0,0.0,0.0,0.0,0.0,-0.5518636363636363,-1.3939666666666666
2676,750.0,1.5738333333333332,3,1,1.0,642.0,130.0,1950.0,7.0,850000,750.0,0.0,0.0,0.0,0.8447009345794392,0.22483333333333333,-0.6745,0.0,1.2263636363636363,1.5738333333333332
2700,700.0,1.1241666666666668,3,1,1.0,658.0,100.0,1990.0,7.0,840000,700.0,0.0,0.0,0.0,0.9455607476635514,-0.44966666666666666,0.22483333333333333,0.0,1.1650454545454545,1.1241666666666668
2717,225.0,-3.1476666666666664,3,1,1.0,766.0,90.0,1950.0,7.0,490000,225.0,0.0,0.0,0.0,1.6263644859813082,-0.6745,-0.6745,0.0,-0.9810909090909091,-3.1476666666666664
2729,740.0,1.4839,3,1,1.0,418.0,130.0,2019.0,7.0,800000,740.0,0.0,0.0,0.0,-0.5673364485981308,0.22483333333333333,0.8768499999999999,0.0,0.9197727272727273,1.4839
2754,460.0,-1.0342333333333333,3,1,1.0,508.0,70.0,1975.0,7.0,420000,460.0,0.0,0.0,0.0,0.0,-1.1241666666666668,-0.11241666666666666,0.0,-1.4103181818181818,-1.0342333333333333
3049,695.0,1.0792,3,1,1.0,198.0,179.0,2000.0,7.0,730000,695.0,0.0,0.0,0.0,-1.9541588785046728,1.3265166666666666,0.44966666666666666,0.0,0.49054545454545456,1.0792
3077,750.0,1.5738333333333332,3,1,1.0,832.0,130.0,1950.0,7.0,720000,750.0,0.0,0.0,0.0,2.0424112149532707,0.22483333333333333,-0.6745,0.0,0.42922727272727274,1.5738333333333332
3228,850.0,2.4731666666666663,3,1,1.0,733.0,110.0,1950.0,7.0,620000,850.0,0.0,0.0,0.0,1.418341121495327,-0.22483333333333333,-0.6745,0.0,-0.18395454545454545,2.4731666666666663
3269,700.0,1.1241666666666668,3,1,1.0,813.0,114.0,1960.0,7.0,710000,700.0,0.0,0.0,0.0,1.9226401869158878,-0.1349,-0.44966666666666666,0.0,0.3679090909090909,1.1241666666666668
3274,395.0,-1.6188,3,1,1.0,549.0,150.0,1940.0,7.0,720000,395.0,0.0,0.0,0.0,0.2584532710280374,0.6745,-0.8993333333333333,0.0,0.42922727272727274,-1.6188
3286,700.0,1.1241666666666668,3,1,1.0,508.0,110.0,1960.0,7.0,500000,700.0,0.0,0.0,0.0,0.0,-0.22483333333333333,-0.44966666666666666,0.0,-0.9197727272727273,1.1241666666666668
3292,450.0,-1.1241666666666668,3,1,1.0,508.0,130.0,1975.0,7.0,570000,450.0,0.0,0.0,0.0,0.0,0.22483333333333333,-0.11241666666666666,0.0,-0.49054545454545456,-1.1241666666666668
3318,440.0,-1.2141,3,1,1.0,508.0,80.0,1970.0,7.0,345000,440.0,0.0,0.0,0.0,0.0,-0.8993333333333333,-0.22483333333333333,0.0,-1.8702045454545455,-1.2141
3343,400.0,-1.5738333333333332,3,1,1.0,711.0,110.0,1970.0,7.0,385000,400.0,0.0,0.0,0.0,1.2796588785046727,-0.22483333333333333,-0.22483333333333333,0.0,-1.6249318181818182,-1.5738333333333332
3344,395.0,-1.6188,3,1,1.0,607.0,120.0,1980.0,7.0,22000,395.0,0.0,0.0,0.0,0.6240700934579438,0.0,0.0,0.0,-3.8507818181818183,-1.6188
3407,450.0,-1.1241666666666668,3,1,1.0,794.0,100.0,1950.0,7.0,530000,450.0,0.0,0.0,0.0,1.8028691588785049,-0.44966666666666666,-0.6745,0.0,-0.7358181818181818,-1.1241666666666668
3450,450.0,-1.1241666666666668,3,1,1.0,519.0,130.0,1910.0,7.0,570000,450.0,0.0,0.0,0.0,0.0693411214953271,0.22483333333333333,-1.5738333333333332,0.0,-0.49054545454545456,-1.1241666666666668
3494,850.0,2.4731666666666663,3,1,1.0,508.0,160.0,1975.0,7.0,990000,850.0,0.0,0.0,0.0,0.0,0.8993333333333333,-0.11241666666666666,0.0,2.0848181818181817,2.4731666666666663
3511,800.0,2.0235,3,1,1.0,607.0,172.0,1920.0,7.0,1260000,800.0,0.0,0.0,0.0,0.6240700934579438,1.1691333333333334,-1.349,0.0,3.740409090909091,2.0235
3560,450.0,-1.1241666666666668,3,1,1.0,379.0,100.0,1910.0,7.0,530000,450.0,0.0,0.0,0.0,-0.8131822429906541,-0.44966666666666666,-1.5738333333333332,0.0,-0.7358181818181818,-1.1241666666666668
3606,400.0,-1.5738333333333332,3,1,1.0,804.0,90.0,1950.0,7.0,450000,400.0,0.0,0.0,0.0,1.8659065420560745,-0.6745,-0.6745,0.0,-1.2263636363636363,-1.5738333333333332
3626,450.0,-1.1241666666666668,3,1,1.0,607.0,100.0,1910.0,7.0,630000,450.0,0.0,0.0,0.0,0.6240700934579438,-0.44966666666666666,-1.5738333333333332,0.0,-0.12263636363636364,-1.1241666666666668
3654,395.0,-1.6188,3,1,1.0,508.0,104.0,1945.0,7.0,600000,395.0,0.0,0.0,0.0,0.0,-0.35973333333333335,-0.7869166666666666,0.0,-0.3065909090909091,-1.6188
3722,440.0,-1.2141,3,1,1.0,508.0,90.0,1975.0,7.0,370000,440.0,0.0,0.0,0.0,0.0,-0.6745,-0.11241666666666666,0.0,-1.716909090909091,-1.2141
3741,410.0,-1.4839,3,1,1.0,508.0,80.0,1975.0,7.0,315000,410.0,0.0,0.0,0.0,0.0,-0.8993333333333333,-0.11241666666666666,0.0,-2.0541590909090908,-1.4839
3751,430.0,-1.3040333333333332,3,1,1.0,508.0,80.0,1975.0,7.0,380000,430.0,0.0,0.0,0.0,0.0,-0.8993333333333333,-0.11241666666666666,0.0,-1.6555909090909091,-1.3040333333333332
3786,350.0,-2.0235,3,1,1.0,645.0,116.0,1970.0,7.0,660000,350.0,0.0,0.0,0.0,0.8636121495327103,-0.08993333333333334,-0.22483333333333333,0.0,0.06131818181818182,-2.0235
3821,800.0,2.0235,3,1,1.0,723.0,130.0,1940.0,7.0,620000,800.0,0.0,0.0,0.0,1.3553037383177569,0.22483333333333333,-0.8993333333333333,0.0,-0.18395454545454545,2.0235
3866,700.0,1.1241666666666668,3,1,1.0,508.0,144.0,1915.0,7.0,650000,700.0,0.0,0.0,0.0,0.0,0.5396,-1.4614166666666668,0.0,0.0,1.1241666666666668
3868,780.0,1.8436333333333335,3,1,1.0,875.0,120.0,1950.0,7.0,1110000,780.0,0.0,0.0,0.0,2.313471962616822,0.0,-0.6745,0.0,2.8206363636363636,1.8436333333333335
3870,820.0,2.2033666666666667,3,1,1.0,296.0,120.0,2000.0,7.0,780000,820.0,0.0,0.0,0.0,-1.336392523364486,0.0,0.44966666666666666,0.0,0.7971363636363636,2.2033666666666667
3871,940.0,3.2825666666666664,3,1,1.0,175.0,110.0,2005.0,7.0,620000,940.0,0.0,0.0,0.0,-2.099144859813084,-0.22483333333333333,0.5620833333333334,0.0,-0.18395454545454545,3.2825666666666664
3874,899.0,2.91384,3,1,1.0,375.0,114.0,2000.0,7.0,640000,899.0,0.0,0.0,0.0,-0.8383971962616823,-0.1349,0.44966666666666666,0.0,-0.06131818181818182,2.91384
3902,695.0,1.0792,3,1,1.0,174.0,149.0,2000.0,7.0,810000,695.0,0.0,0.0,0.0,-2.105448598130841,0.6520166666666667,0.44966666666666666,0.0,0.9810909090909091,1.0792
3903,695.0,1.0792,3,1,1.0,167.0,150.0,2000.0,7.0,790000,695.0,0.0,0.0,0.0,-2.14957476635514,0.6745,0.44966666666666666,0.0,0.8584545454545455,1.0792
3904,695.0,1.0792,3,1,1.0,207.0,148.0,2010.0,7.0,790000,695.0,0.0,0.0,0.0,-1.8974252336448598,0.6295333333333333,0.6745,0.0,0.8584545454545455,1.0792
3919,890.0,2.8329,3,1,1.0,186.0,144.0,2006.0,7.0,700000,890.0,0.0,0.0,0.0,-2.029803738317757,0.5396,0.5845666666666667,0.0,0.3065909090909091,2.8329
3931,760.0,1.6637666666666666,3,1,1.0,508.0,100.0,1940.0,7.0,580000,760.0,0.0,0.0,0.0,0.0,-0.44966666666666666,-0.8993333333333333,0.0,-0.42922727272727274,1.6637666666666666
3934,850.0,2.4731666666666663,3,1,1.0,394.0,134.0,1930.0,7.0,680000,850.0,0.0,0.0,0.0,-0.718626168224299,0.31476666666666664,-1.1241666666666668,0.0,0.18395454545454545,2.4731666666666663
3942,940.0,3.2825666666666664,3,1,1.0,508.0,130.0,1950.0,7.0,540000,940.0,0.0,0.0,0.0,0.0,0.22483333333333333,-0.6745,0.0,-0.6745,3.2825666666666664
3965,440.0,-1.2141,3,1,1.0,694.0,154.0,1920.0,7.0,710000,440.0,0.0,0.0,0.0,1.1724953271028036,0.7644333333333333,-1.349,0.0,0.3679090909090909,-1.2141
3966,750.0,1.5738333333333332,3,1,1.0,687.0,121.0,1920.0,7.0,775000,750.0,0.0,0.0,0.0,1.1283691588785048,0.022483333333333334,-1.349,0.0,0.7664772727272727,1.5738333333333332
3972,460.0,-1.0342333333333333,3,1,1.0,508.0,130.0,1990.0,7.0,490000,460.0,0.0,0.0,0.0,0.0,0.22483333333333333,0.22483333333333333,0.0,-0.9810909090909091,-1.0342333333333333
3988,425.0,-1.349,3,1,1.0,984.0,140.0,1910.0,7.0,710000,425.0,0.0,0.0,0.0,3.0005794392523364,0.44966666666666666,-1.5738333333333332,0.0,0.3679090909090909,-1.349
4054,700.0,1.1241666666666668,3,1,1.0,508.0,150.0,1985.0,7.0,570000,700.0,0.0,0.0,0.0,0.0,0.6745,0.11241666666666666,0.0,-0.49054545454545456,1.1241666666666668
4080,700.0,1.1241666666666668,3,1,1.0,607.0,110.0,1960.0,7.0,670000,700.0,0.0,0.0,0.0,0.6240700934579438,-0.22483333333333333,-0.44966666666666666,0.0,0.12263636363636364,1.1241666666666668
4086,750.0,1.5738333333333332,3,1,1.0,508.0,150.0,1950.0,7.0,620000,750.0,0.0,0.0,0.0,0.0,0.6745,-0.6745,0.0,-0.18395454545454545,1.5738333333333332
4102,990.0,3.7322333333333337,3,1,1.0,703.0,152.0,1980.0,7.0,650000,990.0,0.0,0.0,0.0,1.2292289719626168,0.7194666666666667,0.0,0.0,0.0,3.7322333333333337
4122,700.0,1.1241666666666668,3,1,1.0,508.0,90.0,1915.0,7.0,660000,700.0,0.0,0.0,0.0,0.0,-0.6745,-1.4614166666666668,0.0,0.06131818181818182,1.1241666666666668
4136,700.0,1.1241666666666668,3,1,1.0,311.0,77.0,1890.0,7.0,610000,700.0,0.0,0.0,0.0,-1.2418364485981308,-0.9667833333333333,-2.0235,0.0,-0.24527272727272728,1.1241666666666668
4153,250.0,-2.9228333333333336,3,1,1.0,622.0,150.0,1960.0,7.0,800000,250.0,0.0,0.0,0.0,0.718626168224299,0.6745,-0.44966666666666666,0.0,0.9197727272727273,-2.9228333333333336
4200,450.0,-1.1241666666666668,3,1,1.0,645.0,90.0,1950.0,7.0,670000,450.0,0.0,0.0,0.0,0.8636121495327103,-0.6745,-0.6745,0.0,0.12263636363636364,-1.1241666666666668
4209,750.0,1.5738333333333332,3,1,1.0,835.0,130.0,1930.0,7.0,720000,750.0,0.0,0.0,0.0,2.061322429906542,0.22483333333333333,-1.1241666666666668,0.0,0.42922727272727274,1.5738333333333332
4228,690.0,1.0342333333333333,3,1,1.0,579.0,120.0,1920.0,7.0,750000,690.0,0.0,0.0,0.0,0.44756542056074766,0.0,-1.349,0.0,0.6131818181818182,1.0342333333333333
4279,700.0,1.1241666666666668,3,1,1.0,126.0,130.0,2012.0,7.0,840000,700.0,0.0,0.0,0.0,-2.4080280373831773,0.22483333333333333,0.7194666666666667,0.0,1.1650454545454545,1.1241666666666668
4294,440.0,-1.2141,3,1,1.0,508.0,90.0,1970.0,7.0,610000,440.0,0.0,0.0,0.0,0.0,-0.6745,-0.22483333333333333,0.0,-0.24527272727272728,-1.2141
4322,460.0,-1.0342333333333333,3,1,1.0,508.0,110.0,1990.0,7.0,600000,460.0,0.0,0.0,0.0,0.0,-0.22483333333333333,0.22483333333333333,0.0,-0.3065909090909091,-1.0342333333333333
4325,375.0,-1.7986666666666666,3,1,1.0,607.0,112.0,1930.0,7.0,600000,375.0,0.0,0.0,0.0,0.6240700934579438,-0.17986666666666667,-1.1241666666666668,0.0,-0.3065909090909091,-1.7986666666666666
4407,690.0,1.0342333333333333,3,1,1.0,508.0,80.0,1905.0,7.0,700000,690.0,0.0,0.0,0.0,0.0,-0.8993333333333333,-1.68625,0.0,0.3065909090909091,1.0342333333333333
4409,700.0,1.1241666666666668,3,1,1.0,658.0,140.0,1920.0,7.0,990000,700.0,0.0,0.0,0.0,0.9455607476635514,0.44966666666666666,-1.349,0.0,2.0848181818181817,1.1241666666666668
4414,740.0,1.4839,3,1,1.0,508.0,90.0,1990.0,7.0,720000,740.0,0.0,0.0,0.0,0.0,-0.6745,0.22483333333333333,0.0,0.42922727272727274,1.4839
4425,800.0,2.0235,3,1,1.0,278.0,116.0,2015.0,7.0,700000,800.0,0.0,0.0,0.0,-1.449859813084112,-0.08993333333333334,0.7869166666666666,0.0,0.3065909090909091,2.0235
4466,350.0,-2.0235,3,1,1.0,584.0,130.0,1910.0,7.0,750000,350.0,0.0,0.0,0.0,0.4790841121495327,0.22483333333333333,-1.5738333333333332,0.0,0.6131818181818182,-2.0235
4491,750.0,1.5738333333333332,3,1,1.0,546.0,150.0,1950.0,7.0,960000,750.0,0.0,0.0,0.0,0.23954205607476636,0.6745,-0.6745,0.0,1.9008636363636364,1.5738333333333332
4494,845.0,2.4282,3,1,1.0,506.0,106.0,1905.0,7.0,970000,845.0,0.0,0.0,0.0,-0.01260747663551402,-0.31476666666666664,-1.68625,0.0,1.9621818181818182,2.4282
4512,440.0,-1.2141,3,1,1.0,301.0,86.0,1915.0,7.0,435000,440.0,0.0,0.0,0.0,-1.304873831775701,-0.7644333333333333,-1.4614166666666668,0.0,-1.318340909090909,-1.2141
4517,320.0,-2.2933,3,1,1.0,508.0,180.0,1910.0,7.0,720000,320.0,0.0,0.0,0.0,0.0,1.349,-1.5738333333333332,0.0,0.42922727272727274,-2.2933
4544,450.0,-1.1241666666666668,3,1,1.0,508.0,80.0,1975.0,7.0,320000,450.0,0.0,0.0,0.0,0.0,-0.8993333333333333,-0.11241666666666666,0.0,-2.0235,-1.1241666666666668
4603,715.0,1.2590666666666666,3,1,1.0,534.0,140.0,1905.0,7.0,770000,715.0,0.0,0.0,0.0,0.16389719626168223,0.44966666666666666,-1.68625,0.0,0.7358181818181818,1.2590666666666666
4614,455.0,-1.0792,3,1,1.0,448.0,90.0,1915.0,7.0,470000,455.0,0.0,0.0,0.0,-0.37822429906542054,-0.6745,-1.4614166666666668,0.0,-1.1037272727272727,-1.0792
4637,750.0,1.5738333333333332,3,1,1.0,508.0,143.0,1950.0,7.0,640000,750.0,0.0,0.0,0.0,0.0,0.5171166666666667,-0.6745,0.0,-0.06131818181818182,1.5738333333333332
4647,460.0,-1.0342333333333333,3,1,1.0,766.0,100.0,1940.0,7.0,480000,460.0,0.0,0.0,0.0,1.6263644859813082,-0.44966666666666666,-0.8993333333333333,0.0,-1.0424090909090908,-1.0342333333333333
4673,690.0,1.0342333333333333,3,1,1.0,736.0,104.0,1950.0,7.0,580000,690.0,0.0,0.0,0.0,1.437252336448598,-0.35973333333333335,-0.6745,0.0,-0.42922727272727274,1.0342333333333333
4674,960.0,3.4624333333333333,3,1,1.0,658.0,100.0,1950.0,7.0,580000,960.0,0.0,0.0,0.0,0.9455607476635514,-0.44966666666666666,-0.6745,0.0,-0.42922727272727274,3.4624333333333333
4679,990.0,3.7322333333333337,3,1,1.0,612.0,150.0,1955.0,7.0,720000,990.0,0.0,0.0,0.0,0.6555887850467289,0.6745,-0.5620833333333334,0.0,0.42922727272727274,3.7322333333333337
4694,990.0,3.7322333333333337,3,1,1.0,557.0,96.0,1950.0,7.0,650000,990.0,0.0,0.0,0.0,0.3088831775700935,-0.5396,-0.6745,0.0,0.0,3.7322333333333337
4698,300.0,-2.4731666666666663,3,1,1.0,508.0,150.0,1950.0,7.0,650000,300.0,0.0,0.0,0.0,0.0,0.6745,-0.6745,0.0,0.0,-2.4731666666666663
4739,375.0,-1.7986666666666666,3,1,1.0,508.0,100.0,1990.0,7.0,465000,375.0,0.0,0.0,0.0,0.0,-0.44966666666666666,0.22483333333333333,0.0,-1.1343863636363636,-1.7986666666666666
4903,430.0,-1.3040333333333332,3,1,1.0,506.0,93.0,1920.0,7.0,580000,430.0,0.0,0.0,0.0,-0.01260747663551402,-0.60705,-1.349,0.0,-0.42922727272727274,-1.3040333333333332
4904,750.0,1.5738333333333332,3,1,1.0,607.0,93.0,1920.0,7.0,560000,750.0,0.0,0.0,0.0,0.6240700934579438,-0.60705,-1.349,0.0,-0.5518636363636363,1.5738333333333332
4928,420.0,-1.3939666666666666,3,1,1.0,508.0,100.0,1975.0,7.0,450000,420.0,0.0,0.0,0.0,0.0,-0.44966666666666666,-0.11241666666666666,0.0,-1.2263636363636363,-1.3939666666666666
4953,700.0,1.1241666666666668,5,1,1.0,513.0,130.0,1920.0,7.0,440000,700.0,1.349,0.0,0.0,0.03151869158878505,0.22483333333333333,-1.349,0.0,-1.2876818181818181,1.1241666666666668
4955,990.0,3.7322333333333337,4,1,1.0,494.0,150.0,1990.0,7.0,660000,990.0,0.6745,0.0,0.0,-0.08825233644859813,0.6745,0.22483333333333333,0.0,0.06131818181818182,3.7322333333333337
4983,690.0,1.0342333333333333,4,1,1.0,622.0,120.0,1980.0,7.0,20000,690.0,0.6745,0.0,0.0,0.718626168224299,0.0,0.0,0.0,-3.8630454545454547,1.0342333333333333
5042,750.0,1.5738333333333332,4,1,1.0,544.0,160.0,2000.0,7.0,800000,750.0,0.6745,0.0,0.0,0.22693457943925233,0.8993333333333333,0.44966666666666666,0.0,0.9197727272727273,1.5738333333333332
5076,450.0,-1.1241666666666668,4,1,1.0,382.0,90.0,1990.0,7.0,490000,450.0,0.6745,0.0,0.0,-0.7942710280373831,-0.6745,0.22483333333333333,0.0,-0.9810909090909091,-1.1241666666666668
5104,720.0,1.3040333333333332,4,1,1.0,406.0,120.0,1950.0,7.0,550000,720.0,0.6745,0.0,0.0,-0.6429813084112149,0.0,-0.6745,0.0,-0.6131818181818182,1.3040333333333332
5120,719.0,1.29504,4,1,1.0,454.0,141.0,2000.0,7.0,740000,719.0,0.6745,0.0,0.0,-0.34040186915887855,0.47215,0.44966666666666666,0.0,0.5518636363636363,1.29504
5133,450.0,-1.1241666666666668,4,1,1.0,508.0,90.0,1960.0,7.0,520000,450.0,0.6745,0.0,0.0,0.0,-0.6745,-0.44966666666666666,0.0,-0.7971363636363636,-1.1241666666666668
5233,320.0,-2.2933,4,1,1.0,647.0,133.0,1915.0,7.0,930000,320.0,0.6745,0.0,0.0,0.8762196261682242,0.29228333333333334,-1.4614166666666668,0.0,1.716909090909091,-2.2933
5429,400.0,-1.5738333333333332,5,1,1.0,627.0,130.0,1955.0,7.0,680000,400.0,1.349,0.0,0.0,0.7501448598130841,0.22483333333333333,-0.5620833333333334,0.0,0.18395454545454545,-1.5738333333333332
5466,750.0,1.5738333333333332,4,1,1.0,508.0,200.0,1950.0,7.0,430000,750.0,0.6745,0.0,0.0,0.0,1.7986666666666666,-0.6745,0.0,-1.349,1.5738333333333332
5493,700.0,1.1241666666666668,4,1,1.0,436.0,148.0,1950.0,7.0,800000,700.0,0.6745,0.0,0.0,-0.45386915887850465,0.6295333333333333,-0.6745,0.0,0.9197727272727273,1.1241666666666668
5529,925.0,3.1476666666666664,5,1,1.0,508.0,110.0,1960.0,7.0,520000,925.0,1.349,0.0,0.0,0.0,-0.22483333333333333,-0.44966666666666666,0.0,-0.7971363636363636,3.1476666666666664
5549,925.0,3.1476666666666664,5,1,1.0,508.0,165.0,1975.0,7.0,690000,925.0,1.349,0.0,0.0,0.0,1.01175,-0.11241666666666666,0.0,0.24527272727272728,3.1476666666666664
5567,730.0,1.3939666666666666,5,1,1.0,809.0,125.0,1960.0,7.0,720000,730.0,1.349,0.0,0.0,1.8974252336448598,0.11241666666666666,-0.44966666666666666,0.0,0.42922727272727274,1.3939666666666666
5597,200.0,-3.3725,4,1,1.0,506.0,124.0,2014.0,7.0,670000,200.0,0.6745,0.0,0.0,-0.01260747663551402,0.08993333333333334,0.7644333333333333,0.0,0.12263636363636364,-3.3725
5602,250.0,-2.9228333333333336,4,1,1.0,542.0,125.0,1905.0,7.0,475000,250.0,0.6745,0.0,0.0,0.21432710280373832,0.11241666666666666,-1.68625,0.0,-1.0730681818181818,-2.9228333333333336
5708,750.0,1.5738333333333332,4,1,1.0,534.0,176.0,2000.0,7.0,790000,750.0,0.6745,0.0,0.0,0.16389719626168223,1.2590666666666666,0.44966666666666666,0.0,0.8584545454545455,1.5738333333333332
5714,350.0,-2.0235,4,1,1.0,531.0,210.0,1920.0,7.0,660000,350.0,0.6745,0.0,0.0,0.14498598130841123,2.0235,-1.349,0.0,0.06131818181818182,-2.0235
5827,700.0,1.1241666666666668,5,1,1.0,508.0,120.0,1990.0,7.0,510000,700.0,1.349,0.0,0.0,0.0,0.0,0.22483333333333333,0.0,-0.8584545454545455,1.1241666666666668
5839,750.0,1.5738333333333332,4,1,1.0,379.0,100.0,1940.0,7.0,600000,750.0,0.6745,0.0,0.0,-0.8131822429906541,-0.44966666666666666,-0.8993333333333333,0.0,-0.3065909090909091,1.5738333333333332
5854,950.0,3.3725,5,1,1.0,301.0,102.0,1940.0,7.0,600000,950.0,1.349,0.0,0.0,-1.304873831775701,-0.4047,-0.8993333333333333,0.0,-0.3065909090909091,3.3725
5856,850.0,2.4731666666666663,4,1,1.0,809.0,160.0,1910.0,7.0,950000,850.0,0.6745,0.0,0.0,1.8974252336448598,0.8993333333333333,-1.5738333333333332,0.0,1.8395454545454546,2.4731666666666663
5871,850.0,2.4731666666666663,5,1,1.0,464.0,120.0,1999.0,7.0,620000,850.0,1.349,0.0,0.0,-0.2773644859813084,0.0,0.42718333333333336,0.0,-0.18395454545454545,2.4731666666666663
5936,180.0,-3.552366666666667,5,1,1.0,362.0,100.0,1940.0,7.0,610000,180.0,1.349,0.0,0.0,-0.9203457943925234,-0.44966666666666666,-0.8993333333333333,0.0,-0.24527272727272728,-3.552366666666667
5941,885.0,2.787933333333333,4,1,1.0,394.0,181.0,2000.0,7.0,800000,885.0,0.6745,0.0,0.0,-0.718626168224299,1.3714833333333334,0.44966666666666666,0.0,0.9197727272727273,2.787933333333333
6004,295.0,-2.518133333333333,4,1,1.0,560.0,234.0,2015.0,7.0,910000,295.0,0.6745,0.0,0.0,0.32779439252336445,2.5631,0.7869166666666666,0.0,1.5942727272727273,-2.518133333333333
6010,410.0,-1.4839,4,1,1.0,736.0,214.0,1990.0,7.0,680000,410.0,0.6745,0.0,0.0,1.437252336448598,2.1134333333333335,0.22483333333333333,0.0,0.18395454545454545,-1.4839
6022,720.0,1.3040333333333332,4,1,1.0,780.0,121.0,1945.0,7.0,540000,720.0,0.6745,0.0,0.0,1.7146168224299065,0.022483333333333334,-0.7869166666666666,0.0,-0.6745,1.3040333333333332
6056,800.0,2.0235,4,1,1.0,481.0,184.0,1905.0,7.0,1140000,800.0,0.6745,0.0,0.0,-0.17020093457943927,1.4389333333333334,-1.68625,0.0,3.004590909090909,2.0235
6065,750.0,1.5738333333333332,4,1,1.0,447.0,161.0,1930.0,7.0,630000,750.0,0.6745,0.0,0.0,-0.3845280373831776,0.9218166666666666,-1.1241666666666668,0.0,-0.12263636363636364,1.5738333333333332
6102,850.0,2.4731666666666663,4,1,1.0,840.0,150.0,1935.0,7.0,1090000,850.0,0.6745,0.0,0.0,2.092841121495327,0.6745,-1.01175,0.0,2.698,2.4731666666666663
6121,850.0,2.4731666666666663,4,1,1.0,637.0,132.0,1910.0,7.0,1190000,850.0,0.6745,0.0,0.0,0.8131822429906541,0.2698,-1.5738333333333332,0.0,3.3111818181818182,2.4731666666666663
6122,850.0,2.4731666666666663,4,1,1.0,706.0,164.0,1940.0,7.0,920000,850.0,0.6745,0.0,0.0,1.2481401869158877,0.9892666666666667,-0.8993333333333333,0.0,1.6555909090909091,2.4731666666666663
6157,280.0,-2.653033333333333,4,1,1.0,435.0,186.0,2010.0,7.0,1070000,280.0,0.6745,0.0,0.0,-0.4601728971962617,1.4838999999999998,0.6745,0.0,2.5753636363636363,-2.653033333333333
6181,760.0,1.6637666666666666,4,1,1.0,508.0,103.0,1920.0,7.0,610000,760.0,0.6745,0.0,0.0,0.0,-0.38221666666666665,-1.349,0.0,-0.24527272727272728,1.6637666666666666
6200,750.0,1.5738333333333332,5,1,1.0,741.0,120.0,1955.0,7.0,550000,750.0,1.349,0.0,0.0,1.4687710280373831,0.0,-0.5620833333333334,0.0,-0.6131818181818182,1.5738333333333332
6203,780.0,1.8436333333333335,4,1,1.0,657.0,151.0,1925.0,7.0,720000,780.0,0.6745,0.0,0.0,0.9392570093457944,0.6969833333333334,-1.2365833333333331,0.0,0.42922727272727274,1.8436333333333335
6214,810.0,2.113433333333333,5,1,1.0,951.0,175.0,1960.0,7.0,780000,810.0,1.349,0.0,0.0,2.792556074766355,1.2365833333333331,-0.44966666666666666,0.0,0.7971363636363636,2.113433333333333
6218,730.0,1.3939666666666666,5,1,1.0,809.0,240.0,2007.0,7.0,650000,730.0,1.349,0.0,0.0,1.8974252336448598,2.698,0.60705,0.0,0.0,1.3939666666666666
6236,725.0,1.349,5,1,1.0,508.0,102.0,1950.0,7.0,550000,725.0,1.349,0.0,0.0,0.0,-0.4047,-0.6745,0.0,-0.6131818181818182,1.349
6260,390.0,-1.6637666666666666,4,1,1.0,650.0,110.0,1915.0,7.0,470000,390.0,0.6745,0.0,0.0,0.8951308411214953,-0.22483333333333333,-1.4614166666666668,0.0,-1.1037272727272727,-1.6637666666666666
