Last Rental Date,Bed,Last Rental Price,Dollar_Volume,Volume,VWAP_3M,VWAP_12M,Volume_all,VWAP_3M_all,VWAP_12M_all,Rolling_PV_3M,Rolling_V_3M,Rolling_PV_12M,Rolling_V_12M,Rolling_PV_3M_all,Rolling_V_3M_all,Rolling_PV_12M_all,Rolling_V_12M_all
2023-09-27,3.0,520.0,520.0,520.0,622.5485929794024,622.5485929794024,520.0,602.9174593354471,602.9174593354471,,,,,23659377.0,39313.0,23659377.0,39313.0
2023-09-27,2.0,550.0,550.0,550.0,521.5679834202098,521.5679834202098,550.0,601.8206954442551,601.8206954442551,,,,,23961877.0,39863.0,23961877.0,39863.0
2023-09-28,2.0,450.0,450.0,450.0,522.5172706853639,522.5172706853639,450.0,601.1057120638186,601.1057120638186,,,,,24164377.0,40313.0,24164377.0,40313.0
2023-10-01,3.0,665.0,665.0,665.0,619.5451985356237,619.5451985356237,665.0,599.4189715476397,599.4189715476397,,,,,24361577.0,40483.0,24606602.0,40978.0
2023-10-02,3.0,520.0,520.0,520.0,621.186210640608,621.186210640608,520.0,601.7730158338068,600.4832349065352,,,,,24318377.0,40443.0,24877002.0,41498.0
2023-10-02,3.0,680.0,680.0,680.0,618.4081309398099,618.4081309398099,680.0,601.3000271987736,599.4747216733336,,,,,24780777.0,41123.0,25339402.0,42178.0
2023-10-02,3.0,580.0,580.0,580.0,620.5428134556574,620.5428134556574,580.0,602.6013909491039,600.772962207786,,,,,25117177.0,41703.0,25675802.0,42758.0
2023-10-03,2.0,500.0,500.0,500.0,520.5889617680081,520.5889617680081,500.0,602.287053689183,600.4911829365265,,,,,24809877.0,41153.0,25925802.0,43258.0
2023-10-04,3.0,630.0,630.0,630.0,619.3787128712871,619.3787128712871,630.0,601.4567719929888,598.0693319495522,,,,,25379602.0,42208.0,26905127.0,44953.0
2023-10-04,3.0,750.0,750.0,750.0,620.2116267210607,619.6999519923188,750.0,599.3638668482089,596.7233531085283,,,,,26094202.0,43348.0,27619727.0,46093.0
2023-10-05,3.0,550.0,550.0,550.0,624.9926326129666,624.2284522706209,550.0,601.970148565101,599.2173865879852,,,,,26083102.0,43338.0,27922227.0,46643.0
2023-10-05,2.0,440.0,440.0,440.0,520.8455151591395,519.9981059519026,440.0,601.8529235313121,598.637030208177,,,,,26276702.0,43778.0,28115827.0,47083.0
2023-10-06,3.0,550.0,550.0,550.0,624.7542997542997,622.3836421147763,550.0,600.2261866691032,597.1545356073317,,,,,26579202.0,44328.0,28418327.0,47633.0
2023-10-09,3.0,650.0,650.0,650.0,622.7870813397129,620.6283068783068,650.0,602.4862812999468,598.5890186772498,,,,,27563302.0,45698.0,29683327.0,49533.0
2023-10-09,3.0,600.0,600.0,600.0,625.9681255946717,621.4466352336048,600.0,603.1621077508862,599.2636626087659,,,,,27923302.0,46298.0,30043327.0,50133.0
2023-10-10,3.0,550.0,550.0,550.0,625.2474560592044,620.9089009611366,550.0,601.5854764859429,597.8867577561149,,,,,28419402.0,47288.0,30539427.0,51123.0
2023-10-10,2.0,440.0,440.0,440.0,518.6682580487208,518.0275989475452,440.0,603.121128342477,599.2724752159256,,,,,28116902.0,46738.0,30236927.0,50573.0
2023-10-11,2.0,480.0,480.0,480.0,516.6051972821552,516.1518330328362,480.0,600.9854931483675,597.3715744381199,,,,,27564802.0,45968.0,30769827.0,51603.0
2023-10-12,2.0,450.0,450.0,450.0,514.4542734019632,515.227972102433,450.0,599.6519752871562,596.279809313412,,,,,27304902.0,45738.0,30972327.0,52053.0
2023-10-13,3.0,470.0,470.0,470.0,623.380694632386,619.3157679738562,470.0,596.0721899120057,594.2313194338761,,,,,27791027.0,46723.0,31458452.0,53038.0
2023-10-16,3.0,650.0,650.0,650.0,617.3791647114031,616.503006012024,650.0,598.0495232883632,596.0197666641897,,,,,28354602.0,47468.0,32505052.0,54478.0
2023-10-17,2.0,500.0,500.0,500.0,512.76384193962,513.7018145895076,500.0,597.3414089491869,596.6638276001322,,,,,28604602.0,47968.0,32755052.0,54978.0
2023-10-17,3.0,700.0,700.0,700.0,618.3447176684882,617.353515625,700.0,596.3267595063376,595.7847138855542,,,,,29094602.0,48668.0,33245052.0,55678.0
2023-10-18,2.0,550.0,550.0,550.0,512.4024238305584,513.3546343688238,550.0,597.8179090983808,597.094938754984,,,,,28918202.0,48248.0,33547552.0,56228.0
2023-10-19,2.0,545.0,545.0,545.0,514.653788142476,514.3483212542524,545.0,599.36581827226,596.6342747385644,,,,,29215227.0,48793.0,33844577.0,56773.0
2023-10-20,3.0,700.0,700.0,700.0,620.8671668137688,619.5532319391635,700.0,598.7585719263009,596.1386046183925,,,,,29705227.0,49493.0,34334577.0,57473.0
2023-10-20,3.0,580.0,580.0,580.0,623.238441780822,621.6388888888889,580.0,600.1904713797911,597.403598211334,,,,,30041627.0,50073.0,34670977.0,58053.0
2023-10-20,2.0,520.0,520.0,520.0,515.5838160040488,515.1503744958709,520.0,599.9566033590958,597.2297211169104,,,,,30312027.0,50593.0,34941377.0,58573.0
2023-10-21,3.0,700.0,700.0,700.0,622.1908939014202,620.7632342277012,700.0,599.1348012570909,596.5440902805046,,,,,30802027.0,51293.0,35431377.0,59273.0
2023-10-25,3.0,490.0,490.0,490.0,624.4013798701299,622.724540311174,490.0,606.3747602001464,601.1507826925956,,,,,29864427.0,49313.0,36377077.0,60603.0
2023-10-25,3.0,740.0,740.0,740.0,619.7693965517242,620.4640250260688,740.0,605.6096161255653,600.2520832302031,,,,,30412027.0,50053.0,36924677.0,61343.0
2023-10-27,3.0,550.0,550.0,550.0,623.4857978279031,623.4615384615385,550.0,608.9075305209718,601.0818913936414,,,,,30527452.0,50188.0,37472202.0,62388.0
2023-10-27,3.0,540.0,540.0,540.0,623.4857978279031,622.1174318030605,540.0,608.2619749740974,600.631563762262,,,,,30819052.0,50728.0,37763802.0,62928.0
2023-10-27,2.0,495.0,495.0,495.0,515.7092826312627,515.2685029042533,495.0,607.5964877230136,601.937906525602,,,,,30224952.0,49638.0,37169702.0,61838.0
2023-10-28,2.0,500.0,500.0,500.0,522.7958729042092,514.8091837201849,500.0,606.2095022270845,599.0944973812078,,,,,31280652.0,51688.0,38225402.0,63888.0
2023-10-28,2.0,595.0,595.0,595.0,522.1467137487185,514.4777782750749,595.0,605.182092555332,598.3189644377661,,,,,31634677.0,52283.0,38579427.0,64483.0
2023-10-30,3.0,680.0,680.0,680.0,621.6441993464052,620.6683006535948,680.0,605.0662165522253,598.2883395623653,,,,,32097077.0,52963.0,39041827.0,65163.0
2023-10-30,2.0,550.0,550.0,550.0,524.5346223764667,516.566483564391,550.0,606.0283027774107,599.1410309531483,,,,,32399577.0,53513.0,39344327.0,65713.0
2023-11-02,2.0,550.0,550.0,550.0,525.2834839330588,517.3493698910082,550.0,605.4524508063462,598.7297338426187,,,,,32399577.0,53513.0,39646827.0,66263.0
2023-11-03,2.0,495.0,495.0,495.0,525.2834839330588,518.0964306514685,495.0,605.4524508063462,598.3252644764046,,,,,32644602.0,54008.0,39891852.0,66758.0
2023-11-03,2.0,485.0,485.0,485.0,524.5026565267216,517.6304161741328,485.0,604.4401199822248,597.5591240001198,,,,,32879827.0,54493.0,40127077.0,67243.0
2023-11-06,2.0,440.0,440.0,440.0,523.5292892343647,516.9978415540811,440.0,603.3770759547098,596.7472748092738,,,,,32280126.0,53674.0,40320677.0,67683.0
2023-11-07,2.0,525.0,525.0,525.0,517.4605114511656,515.6670594705005,525.0,601.4108506912099,595.7282774108712,,,,,31760126.0,52674.0,40596302.0,68208.0
2023-11-09,3.0,500.0,500.0,500.0,623.2213831478538,621.9581202046036,500.0,635.8127350490377,619.9379714765578,,,,,34436526.0,54194.0,43805602.0,70758.0
2023-11-09,2.0,425.0,425.0,425.0,520.8466935441646,515.8556363776315,425.0,635.4306011735616,619.0904491364934,,,,,34617151.0,54619.0,43986227.0,71183.0
2023-11-10,2.0,489.0,489.0,489.0,518.8372445117335,514.3934413813996,489.0,634.1060981566237,618.3180964046602,,,,,35291872.0,55768.0,44660948.0,72332.0
2023-11-10,2.0,580.0,580.0,580.0,518.0686403624295,513.9317767780793,580.0,632.8337397790848,617.443842282807,,,,,35628272.0,56348.0,44997348.0,72912.0
2023-11-10,2.0,450.0,450.0,450.0,519.9047692071769,515.3263820649998,450.0,632.2899126854546,617.1459842001317,,,,,35830772.0,56798.0,45199848.0,73362.0
2023-11-14,3.0,589.0,589.0,589.0,620.9836233367452,620.0393329137822,589.0,626.2139230797327,615.5030043847778,,,,,34637143.0,55347.0,45827669.0,74481.0
2023-11-14,2.0,530.0,530.0,530.0,518.3329335931644,514.2737494181258,530.0,630.8456635797035,616.120716447207,,,,,34290222.0,54758.0,45480748.0,73892.0
2023-11-16,2.0,540.0,540.0,540.0,517.8654576128216,514.5666444108655,540.0,625.6050853835541,614.7245234531268,,,,,35204743.0,56347.0,46697769.0,76031.0
2023-11-16,3.0,690.0,690.0,690.0,620.2305109138882,619.4745280978714,690.0,624.0599098208993,614.0301466557934,,,,,34913143.0,55807.0,46406169.0,75491.0
2023-11-17,2.0,590.0,590.0,590.0,518.4781628050031,515.0402800289685,590.0,624.7846912879124,614.1938025279162,,,,,34850343.0,55767.0,47045869.0,76621.0
2023-11-17,2.0,425.0,425.0,425.0,520.5777689322321,516.5350660763173,425.0,624.9276991769326,614.0075044700538,,,,,35030968.0,56192.0,47226494.0,77046.0
2023-11-20,2.0,480.0,480.0,480.0,518.5984992447497,515.238837798214,480.0,623.4155751708428,612.964904083275,,,,,34514868.0,55182.0,47456894.0,77526.0
2023-11-21,3.0,640.0,640.0,640.0,623.6799713763219,620.946519858435,640.0,625.4733065129934,612.141655702603,,,,,34780068.0,55442.0,47866494.0,78166.0
2023-11-21,3.0,570.0,570.0,570.0,625.2089831059129,621.3083771031781,570.0,627.3234731791782,612.3697515543843,,,,,35104968.0,56012.0,48191394.0,78736.0
2023-11-21,3.0,600.0,600.0,600.0,623.959911089942,620.4549592926552,600.0,626.7401271156181,612.0630207274944,,,,,35464968.0,56612.0,48551394.0,79336.0
2023-11-22,3.0,695.0,695.0,695.0,623.4025742420718,620.102985459864,695.0,626.4567229562637,611.9717908641726,,,,,35947993.0,57307.0,49034419.0,80031.0
2023-11-28,3.0,850.0,850.0,850.0,625.281097814187,621.5666404228996,850.0,627.2879927408519,612.6928190326248,,,,,35066767.0,55343.0,49756919.0,80881.0
2023-11-28,3.0,595.0,595.0,595.0,634.0692054752619,626.8988850442138,595.0,633.6260593028928,615.1867434873456,,,,,35420792.0,55938.0,50110944.0,81476.0
2023-11-29,2.0,430.0,430.0,430.0,518.9923128170963,514.6841138659321,430.0,633.2152025456755,615.0393244636457,,,,,35605692.0,56368.0,50295844.0,81906.0
2023-11-30,2.0,465.0,465.0,465.0,513.8361908922136,513.506500226376,465.0,631.6649872267953,614.0678826947965,,,,,34451817.0,54823.0,50512069.0,82371.0
2023-11-30,3.0,660.0,660.0,660.0,633.2001570152155,626.3860412332135,660.0,628.4190394542436,613.2263660754392,,,,,34887417.0,55483.0,50947669.0,83031.0
2023-11-30,3.0,560.0,560.0,560.0,628.3660642028594,626.9749926995673,560.0,628.7947118937332,613.5981621322156,,,,,35201017.0,56043.0,51261269.0,83591.0
2023-12-01,2.0,560.0,560.0,560.0,511.49931427944483,512.7878739605569,560.0,628.1072926145995,613.2390927252934,,,,,35514617.0,56603.0,51574869.0,84151.0
2023-12-01,2.0,480.0,480.0,480.0,512.9448613550481,513.6154568504085,480.0,627.4334752574952,612.8848023196397,,,,,35745017.0,57083.0,51805269.0,84631.0
2023-12-03,2.0,420.0,420.0,420.0,512.1241891120452,513.1178647423443,420.0,626.1937354378712,612.1311221656367,,,,,35214792.0,56318.0,51981669.0,85051.0
2023-12-04,2.0,550.0,550.0,550.0,509.1671541997493,511.92720796419763,550.0,625.2848467630242,611.1823376562298,,,,,35094792.0,56218.0,52284169.0,85601.0
2023-12-05,2.0,460.0,460.0,460.0,510.3075048238042,512.5542114561188,460.0,626.5592899242212,612.4280191223622,,,,,35930492.0,57468.0,53119869.0,86851.0
2023-12-05,3.0,720.0,720.0,720.0,626.921837866385,625.9939051505402,720.0,625.2260736409828,611.6206952136417,,,,,36448892.0,58188.0,53638269.0,87571.0
2023-12-05,2.0,450.0,450.0,450.0,509.15927359333136,511.8401807602564,450.0,626.3987763800096,612.5117790136004,,,,,36651392.0,58638.0,53840769.0,88021.0
2023-12-05,2.0,500.0,500.0,500.0,507.8672102504368,511.0290319759816,500.0,625.0450561069614,611.6809511366606,,,,,36901392.0,59138.0,54090769.0,88521.0
2023-12-05,3.0,650.0,650.0,650.0,628.6044566097382,627.7316747541657,650.0,623.9878250870845,611.0501349962155,,,,,37323892.0,59788.0,54513269.0,89171.0
2023-12-06,3.0,595.0,595.0,595.0,629.1274963330701,628.0971994242279,595.0,626.1694191204151,612.8033819628647,,,,,38611098.0,61692.0,55800475.0,91075.0
2023-12-07,2.0,520.0,520.0,520.0,507.6808188021228,510.8706007412302,520.0,628.097964539461,614.3180952380952,,,,,37551548.0,60242.0,56710875.0,92395.0
2023-12-09,2.0,510.0,510.0,510.0,507.97706252312247,511.00498202508,510.0,623.3449752664254,613.7872720385302,,,,,37811648.0,60752.0,56970975.0,92905.0
2023-12-12,3.0,555.0,555.0,555.0,628.3805179517364,627.6072548141514,555.0,621.7359454293811,614.9830337733948,,,,,37658023.0,60627.0,58304000.0,94860.0
2023-12-12,3.0,600.0,600.0,600.0,626.4349825562956,626.6183464624899,600.0,621.142774671351,614.6320893948978,,,,,38018023.0,61227.0,58664000.0,95460.0
2023-12-14,2.0,580.0,580.0,580.0,508.02367398572335,510.99068002343944,580.0,620.9355839743904,614.5401215168657,,,,,38354423.0,61807.0,59000400.0,96040.0
2023-12-19,2.0,410.0,410.0,410.0,507.5713639857136,512.0897657687344,410.0,623.881836596894,615.5696725544882,,,,,38644173.0,62037.0,59761400.0,97220.0
2023-12-27,2.0,580.0,580.0,580.0,503.98314657921105,510.95318652075923,580.0,622.9213695052953,614.7027360625385,,,,,35933423.0,57487.0,60097800.0,97800.0
2024-01-01,3.0,650.0,650.0,650.0,625.8207868649318,626.2320975114271,650.0,625.070415920121,614.4969325153374,,,,,34012073.0,54127.0,60520300.0,98450.0
2024-01-04,3.0,720.0,720.0,720.0,633.2914812606083,626.5999428557823,720.0,628.3753579544405,614.7313357034027,,,,,31980373.0,50737.0,61038700.0,99170.0
2024-01-04,2.0,450.0,450.0,450.0,504.94756883421206,512.023765605368,450.0,630.316593413091,615.4956135928204,,,,,32182873.0,51187.0,61241200.0,99620.0
2024-01-05,2.0,470.0,470.0,470.0,505.26387916374915,511.28649919433656,470.0,628.7313771074687,614.7480425617346,,,,,32403773.0,51657.0,61462100.0,100090.0
2024-01-10,2.0,550.0,550.0,550.0,504.453967943706,510.780207164662,550.0,627.287163404766,614.0683384953542,,,,,30792273.0,48587.0,61764600.0,100640.0
2024-01-10,2.0,510.0,510.0,510.0,509.01781714518427,511.3350567173393,510.0,633.7553872435013,613.7182034976153,,,,,31052373.0,49097.0,62024700.0,101150.0
2024-01-11,3.0,570.0,570.0,570.0,636.714456809222,628.1741379713944,570.0,631.5067931942644,612.718599390184,,,,,30537448.0,48412.0,62620000.0,102240.0
2024-01-11,2.0,620.0,620.0,620.0,509.04267142998907,511.3177698225303,620.0,630.7826158803603,612.4804381846635,,,,,30921848.0,49032.0,63004400.0,102860.0
2024-01-11,2.0,550.0,550.0,550.0,512.3541927409261,513.0020496413127,550.0,629.5699931399056,612.1027178643969,,,,,31505248.0,50112.0,63587800.0,103940.0
2024-01-12,2.0,580.0,580.0,580.0,513.3251735134121,513.5037847967059,580.0,628.6966794380587,611.774100442563,,,,,31841648.0,50692.0,63924200.0,104520.0
2024-01-12,3.0,550.0,550.0,550.0,642.2444517149245,627.4081406361894,550.0,628.139509192772,611.5977803291236,,,,,32144148.0,51242.0,64226700.0,105070.0
2024-01-12,2.0,395.0,395.0,395.0,515.0906683710738,514.4413301893672,395.0,627.3008079309941,611.2753402493576,,,,,32300173.0,51637.0,64382725.0,105465.0
2024-01-15,4.0,790.0,790.0,790.0,870.6859285399206,860.1448096322812,790.0,625.6265713676952,610.8221890871814,,,,,32923323.0,52417.0,66168375.0,108095.0
2024-01-15,3.0,595.0,595.0,595.0,641.403083820876,628.5153513198322,595.0,625.9836573130585,610.9104113953706,,,,,32299223.0,51627.0,65544275.0,107305.0
2024-01-15,3.0,750.0,750.0,750.0,639.5585261263169,626.4369853326946,750.0,625.523810445998,610.4653202484236,,,,,31700173.0,50537.0,64945225.0,106215.0
2024-01-15,2.0,495.0,495.0,495.0,512.9634064307817,513.3053549070596,495.0,627.2666165383778,611.4505954902792,,,,,31945198.0,51032.0,65190250.0,106710.0
2024-01-16,2.0,540.0,540.0,540.0,512.8552973894322,513.0897518262069,540.0,628.1039166682565,612.1316897173782,,,,,32912423.0,52407.0,66459975.0,108635.0
2024-01-16,3.0,675.0,675.0,675.0,639.9410082609617,628.0740084985836,675.0,628.0157803346881,611.7731394117918,,,,,33368048.0,53082.0,66915600.0,109310.0
2024-01-16,3.0,630.0,630.0,630.0,641.1509279615523,628.7647135785778,630.0,628.6132398929957,612.1635714939164,,,,,33764948.0,53712.0,67312500.0,109940.0
2024-01-17,3.0,470.0,470.0,470.0,639.3604600798883,628.29543958028,470.0,626.2171618593219,610.9845680388921,,,,,34870748.0,55802.0,68715325.0,112575.0
2024-01-17,2.0,460.0,460.0,460.0,514.0411306554652,514.5700288448331,460.0,627.6105846333285,611.6066550226163,,,,,34649848.0,55332.0,68494425.0,112105.0
2024-01-17,2.0,575.0,575.0,575.0,512.467839669644,513.7639594497414,575.0,628.5870184519708,611.9125633598842,,,,,34090148.0,54282.0,67934725.0,111055.0
2024-01-17,2.0,540.0,540.0,540.0,512.5963022796625,513.4311320976343,540.0,628.6295055108728,612.2657813352738,,,,,33759523.0,53707.0,67604100.0,110480.0
2024-01-17,3.0,590.0,590.0,590.0,640.8029620090148,628.781453677214,590.0,628.0193802733871,611.7214443293864,,,,,34438248.0,54872.0,68282825.0,111645.0
2024-01-18,2.0,600.0,600.0,600.0,512.9748648880501,514.0013592496941,600.0,624.9014013834629,610.3959582500555,,,,,34133948.0,54602.0,69075325.0,113175.0
2024-01-19,3.0,670.0,670.0,670.0,635.6144289143018,626.7307619508297,670.0,625.1409838467455,610.3408438259332,,,,,34092848.0,54572.0,69524225.0,113845.0
2024-01-20,3.0,700.0,700.0,700.0,633.8668438738151,627.3319853169912,700.0,624.7315106648098,610.69194958057,,,,,34582848.0,55272.0,70014225.0,114545.0
2024-01-20,3.0,550.0,550.0,550.0,636.109840593052,628.3718187207425,550.0,625.6847590099869,611.2377231655681,,,,,34885348.0,55822.0,70316725.0,115095.0
2024-01-24,3.0,700.0,700.0,700.0,633.8746991363444,627.5004750449776,700.0,619.6253461836712,610.2318081468335,,,,,34050148.0,54862.0,70974825.0,116205.0
2024-01-24,3.0,600.0,600.0,600.0,635.7263662326346,628.5120492734558,600.0,620.6508694542671,610.7725571188847,,,,,34410148.0,55462.0,71334825.0,116805.0
2024-01-24,2.0,550.0,550.0,550.0,515.0506967598529,515.1546198203031,550.0,620.427463849122,610.7172210093746,,,,,34712648.0,56012.0,71637325.0,117355.0
2024-01-25,4.0,500.0,500.0,500.0,945.0123456790124,856.7146394305169,500.0,619.7359137327716,610.4326615823783,,,,,34123523.0,54927.0,71887325.0,117855.0
2024-01-25,4.0,1200.0,1200.0,1200.0,927.7061855670103,846.0057039927949,1200.0,621.2522620933239,609.964150863349,,,,,35563523.0,56127.0,73327325.0,119055.0
2024-01-26,2.0,520.0,520.0,520.0,515.8534914801203,515.577762077188,520.0,633.6259376057869,615.9113434967032,,,,,35018298.0,55092.0,73597725.0,119575.0
2024-01-26,2.0,530.0,530.0,530.0,514.6868059805893,515.6279577403301,530.0,635.6330864735352,615.4942504704161,,,,,35299198.0,55622.0,73878625.0,120105.0
2024-01-29,2.0,525.0,525.0,525.0,515.8208585815481,516.5859937769063,525.0,634.3356254092993,614.9482122881883,,,,,35146323.0,55497.0,74490650.0,121210.0
2024-01-29,2.0,580.0,580.0,580.0,515.0335840027345,515.7923266151655,580.0,634.6265506454281,615.1169809749803,,,,,34870698.0,54972.0,74215025.0,120685.0
2024-01-30,3.0,580.0,580.0,580.0,634.7180488263795,628.1750871594871,580.0,633.3013135845181,614.5586172758024,,,,,35482723.0,56077.0,74827050.0,121790.0
2024-01-31,2.0,550.0,550.0,550.0,516.021995909679,516.6790945686766,550.0,633.7597771329904,614.5830610911466,,,,,35905223.0,56727.0,75552050.0,122990.0
2024-01-31,3.0,650.0,650.0,650.0,636.4727191190393,627.6309373113401,650.0,632.7500222907787,614.3940389194515,,,,,35602723.0,56177.0,75249550.0,122440.0
2024-02-01,4.0,790.0,790.0,790.0,964.1741071428571,869.7969756370765,790.0,632.9476792356373,614.2942515651679,,,,,36049073.0,56537.0,76176150.0,123780.0
2024-02-01,2.0,435.0,435.0,435.0,516.021995909679,517.0609204741963,435.0,637.6191343721811,615.4156568104702,,,,,36238298.0,56972.0,76365375.0,124215.0
2024-02-02,2.0,560.0,560.0,560.0,515.6037413513283,516.3238767756854,560.0,636.0720704907674,614.7838425310953,,,,,36551898.0,57532.0,76678975.0,124775.0
2024-02-07,2.0,530.0,530.0,530.0,516.6407775089681,516.8231139777923,530.0,635.3316067579782,614.5379683430174,,,,,32538048.0,53462.0,76959875.0,125305.0
2024-02-07,3.0,510.0,510.0,510.0,636.8970992808534,627.9105559722302,510.0,608.6201039991022,614.1803998244284,,,,,32798148.0,53972.0,77219975.0,125815.0
2024-02-08,3.0,645.0,645.0,645.0,637.0770900670558,626.765335466301,645.0,607.6882087008079,613.7580972062154,,,,,32436152.0,53098.0,77636000.0,126460.0
2024-02-12,2.0,545.0,545.0,545.0,519.9011854287445,516.9641371511651,545.0,616.6480038408981,615.8636840673223,,,,,33690981.0,54699.0,79518650.0,129180.0
2024-02-12,3.0,800.0,800.0,800.0,639.8275862068965,627.5886789648703,800.0,613.8987892191776,614.7113466578011,,,,,33393956.0,54154.0,79221625.0,128635.0
2024-02-12,3.0,675.0,675.0,675.0,637.3161785346683,626.9866049591752,675.0,613.1158715996887,614.391318024536,,,,,32753956.0,53354.0,78581625.0,127835.0
2024-02-13,2.0,500.0,500.0,500.0,520.8283202221194,517.2693191123894,500.0,615.9341304228597,615.5647159002941,,,,,33838581.0,54879.0,79768650.0,129680.0
2024-02-13,3.0,710.0,710.0,710.0,645.5840071877808,630.1135111387724,710.0,616.6034548734489,615.1191394201111,,,,,34342681.0,55589.0,80272750.0,130390.0
2024-02-13,2.0,435.0,435.0,435.0,520.3573043871552,517.0985623034785,435.0,617.7963446005505,615.6357849528338,,,,,34531906.0,56024.0,80461975.0,130825.0
2024-02-15,3.0,750.0,750.0,750.0,647.5750979538528,631.1384557003198,750.0,616.3770169927174,615.0351614752532,,,,,33797981.0,54529.0,81024475.0,131575.0
2024-02-15,2.0,500.0,500.0,500.0,518.7103570636505,516.398337320105,500.0,619.8166296832878,615.804484134524,,,,,34047981.0,55029.0,81274475.0,132075.0
2024-02-15,2.0,470.0,470.0,470.0,517.6361098185203,516.2391363442197,470.0,618.7279616202366,615.3660798788567,,,,,34268881.0,55499.0,81495375.0,132545.0
2024-02-16,2.0,570.0,570.0,570.0,516.6165755919855,515.8209805279766,570.0,617.4684408728085,614.8506167716624,,,,,34593781.0,56069.0,81820275.0,133115.0
2024-02-19,2.0,500.0,500.0,500.0,517.9671549045717,516.4087396749268,500.0,616.9858745474327,614.658565901664,,,,,33518881.0,54279.0,82070275.0,133615.0
2024-02-20,3.0,680.0,680.0,680.0,649.6396005210595,632.7278254203142,680.0,614.8590912460159,613.5652449718273,,,,,33642656.0,54644.0,82677075.0,134675.0
2024-02-22,2.0,465.0,465.0,465.0,518.3769401330377,516.2540628181441,465.0,613.9595300023645,613.2086512110214,,,,,33971106.0,55444.0,83005525.0,135475.0
2024-02-23,2.0,560.0,560.0,560.0,517.2985009776232,515.8086418599436,560.0,612.7102301421254,612.6999446392323,,,,,34284706.0,56004.0,83319125.0,136035.0
2024-02-26,2.0,590.0,590.0,590.0,518.3128313891834,516.2663547080474,590.0,612.1831654881794,612.4830006983497,,,,,33556281.0,55149.0,83667225.0,136625.0
2024-02-26,3.0,700.0,700.0,700.0,652.9627446356991,633.2940689460797,700.0,608.4658108034597,612.3859103385179,,,,,34046281.0,55849.0,84157225.0,137325.0
2024-02-26,3.0,600.0,600.0,600.0,648.0718475073314,634.1065791992205,600.0,609.6130817024476,612.8325141088658,,,,,34406281.0,56449.0,84517225.0,137925.0
2024-02-27,3.0,485.0,485.0,485.0,646.7022792022792,633.7541717611807,485.0,610.1709162923931,612.4761664018489,,,,,34742831.0,57039.0,85038675.0,138945.0
2024-02-27,3.0,710.0,710.0,710.0,643.0621954049664,632.5220480240462,710.0,609.1065937341117,612.0311993954442,,,,,35246931.0,57749.0,85542775.0,139655.0
2024-02-27,2.0,535.0,535.0,535.0,520.063107800538,517.062279305487,535.0,609.5109036475402,612.7766902301976,,,,,34507606.0,56554.0,84803450.0,138460.0
2024-02-28,2.0,430.0,430.0,430.0,521.988051091883,517.236157414118,430.0,610.3470363123171,612.5292685546525,,,,,34466406.0,56494.0,85727675.0,140085.0
2024-02-28,2.0,540.0,540.0,540.0,521.4493501134723,516.561756139657,540.0,610.0896732396361,611.968983117393,,,,,34758006.0,57034.0,86019275.0,140625.0
2024-02-29,3.0,600.0,600.0,600.0,645.1977083801393,633.4502564794816,600.0,609.4260616474384,611.6926222222222,,,,,34574006.0,56594.0,86379275.0,141225.0
2024-03-02,3.0,650.0,650.0,650.0,645.6979431476774,633.1149939863691,650.0,610.9129236314803,611.6429456540981,,,,,34820106.0,56824.0,86801775.0,141875.0
2024-03-02,3.0,575.0,575.0,575.0,645.8234238276868,633.2963611726212,575.0,612.7711178375334,611.8186784140969,,,,,35150731.0,57399.0,87132400.0,142450.0
2024-03-04,2.0,560.0,560.0,560.0,527.0223693220726,517.1092185075469,560.0,612.3666279238704,611.7282559711582,,,,,34032956.0,55624.0,88546225.0,144795.0
2024-03-04,3.0,750.0,750.0,750.0,644.0419947506562,632.7476468758696,750.0,612.3927420338333,611.6700596700597,,,,,33181631.0,54029.0,87694900.0,143200.0
2024-03-04,2.0,550.0,550.0,550.0,521.853683148335,516.7871158434529,550.0,612.9958542759658,611.9645404878728,,,,,33719356.0,55064.0,88232625.0,144235.0
2024-03-05,2.0,440.0,440.0,440.0,527.8444246605832,517.5286003631792,440.0,607.9858038348083,611.967457139924,,,,,33170750.0,54680.0,89611225.0,146555.0
2024-03-05,3.0,670.0,670.0,670.0,644.9820143884892,634.1697149048335,670.0,611.8394218323026,611.5281950343589,,,,,32554650.0,53590.0,88995125.0,145465.0
2024-03-05,3.0,650.0,650.0,650.0,647.0658749719919,634.5537602585227,650.0,607.4762082478074,611.7975114288661,,,,,32977150.0,54240.0,89417625.0,146115.0
2024-03-06,2.0,570.0,570.0,570.0,526.15695263043,516.937517327419,570.0,606.6340526700805,611.4511616799153,,,,,33225250.0,54730.0,89936125.0,147125.0
2024-03-11,2.0,550.0,550.0,550.0,527.385101285123,517.456470265262,550.0,607.0756440708935,611.2905692438403,,,,,31574625.0,52215.0,90238625.0,147675.0
2024-03-11,2.0,550.0,550.0,550.0,528.311589475973,517.7607084579821,550.0,604.7041080149382,611.0622989673269,,,,,31877125.0,52765.0,90541125.0,148225.0
2024-03-12,3.0,630.0,630.0,630.0,647.1489222730241,634.712725027312,630.0,604.133895574718,610.8357227188396,,,,,32274025.0,53395.0,90938025.0,148855.0
2024-03-12,3.0,625.0,625.0,625.0,650.2072192513369,634.6661806894606,625.0,604.4390860567469,610.9168318161969,,,,,32664650.0,54020.0,91328650.0,149480.0
2024-03-12,3.0,570.0,570.0,570.0,649.5241708215912,634.5723910951035,570.0,604.67697149204,610.9757158148248,,,,,32989550.0,54590.0,91653550.0,150050.0
2024-03-13,2.0,530.0,530.0,530.0,528.8182204289658,518.0593109022936,530.0,604.314892837516,610.8200599800067,,,,,32934050.0,54540.0,91934450.0,150580.0
2024-03-15,4.0,570.0,570.0,570.0,950.0615384615385,866.4159292035398,570.0,603.8513017968463,610.5355956966397,,,,,33258950.0,55110.0,92259350.0,151150.0
2024-03-19,4.0,1050.0,1050.0,1050.0,834.6320346320347,857.6229508196722,1050.0,603.5011794592633,610.3827323850479,,,,,33600450.0,54980.0,93361850.0,152200.0
2024-03-19,3.0,490.0,490.0,490.0,647.6063042098583,634.0060014772868,490.0,609.6904332129964,612.8833049403748,,,,,34016950.0,55890.0,93778350.0,153110.0
2024-03-20,3.0,660.0,660.0,660.0,644.4051813471502,632.9282768732627,660.0,608.6410806942208,612.4900398406375,,,,,34452550.0,56550.0,94213950.0,153770.0
2024-03-21,3.0,560.0,560.0,560.0,644.8204559209199,633.1984455801856,560.0,609.2404951370469,612.6939585094622,,,,,34766150.0,57110.0,94527550.0,154330.0
2024-03-21,2.0,600.0,600.0,600.0,527.5814002979357,518.1649419148084,600.0,608.7576606548765,612.5027538391757,,,,,35126150.0,57710.0,94887550.0,154930.0
2024-03-22,2.0,535.0,535.0,535.0,531.4513405108719,518.9763683236383,535.0,608.6666089066019,612.4543342154521,,,,,35412375.0,58245.0,95173775.0,155465.0
2024-03-25,2.0,560.0,560.0,560.0,531.5297274979356,519.1167952561142,560.0,607.989956219418,612.1877914643168,,,,,35725975.0,58805.0,95487375.0,156025.0
2024-03-26,3.0,560.0,560.0,560.0,642.946340501085,632.5838306294419,560.0,607.5803434790001,611.8996232679906,,,,,36045400.0,59370.0,96143200.0,157170.0
2024-03-26,2.0,585.0,585.0,585.0,532.1731234866828,519.4884185238691,585.0,607.5329478785818,612.0004806921968,,,,,35731800.0,58810.0,95829600.0,156610.0
2024-03-27,2.0,570.0,570.0,570.0,532.3007867661893,520.1046436840751,570.0,607.1315479198248,611.714703823885,,,,,36370300.0,59940.0,96468100.0,157740.0
2024-03-28,3.0,750.0,750.0,750.0,641.153252267902,631.9794510363696,750.0,606.7784451117784,611.5639660200329,,,,,36932800.0,60690.0,97030600.0,158490.0
2024-03-29,4.0,830.0,830.0,830.0,890.9387755102041,867.5906735751296,830.0,608.5483605206789,612.2190674490504,,,,,37621700.0,61520.0,97719500.0,159320.0
2024-04-02,2.0,500.0,500.0,500.0,533.148294222047,520.5577897453874,500.0,611.5360858257477,613.3536279186543,,,,,37449200.0,61370.0,97969500.0,159820.0
2024-04-02,4.0,780.0,780.0,780.0,882.1116928446771,866.1116378288694,780.0,610.219977187551,612.998998873733,,,,,38057600.0,62150.0,98577900.0,160600.0
2024-04-03,2.0,510.0,510.0,510.0,532.5072519822085,520.3953083999874,510.0,612.3507642799678,613.8100871731009,,,,,37596800.0,61490.0,98838000.0,161110.0
2024-04-05,2.0,580.0,580.0,580.0,533.4970094539842,520.3121746220912,580.0,611.4295007318264,613.4814722860158,,,,,37712300.0,61600.0,99174400.0,161690.0
2024-04-05,2.0,500.0,500.0,500.0,535.6801152737752,520.8501367478866,500.0,612.2126623376623,613.361370523842,,,,,37962300.0,62100.0,99424400.0,162190.0
2024-04-08,3.0,690.0,690.0,690.0,644.2159069592947,633.2810717016646,690.0,611.3091787439613,613.0118996238979,,,,,38438400.0,62790.0,99900500.0,162880.0
2024-04-08,3.0,650.0,650.0,650.0,643.1867179980751,633.8507875505867,650.0,612.1739130434783,613.3380402750491,,,,,38860900.0,63440.0,100323000.0,163530.0
2024-04-08,2.0,480.0,480.0,480.0,535.0075400565504,520.6893850613706,480.0,612.561475409836,613.4837644468905,,,,,39091300.0,63920.0,100553400.0,164010.0
2024-04-10,3.0,750.0,750.0,750.0,643.3530516431925,634.0021631287494,750.0,611.5660200250313,613.0931040790196,,,,,37528100.0,60820.0,101115900.0,164760.0
2024-04-11,2.0,445.0,445.0,445.0,534.0298092945751,520.3904365395213,445.0,617.0355146333443,613.7163146394756,,,,,36931200.0,59740.0,101313925.0,165205.0
2024-04-15,2.0,450.0,450.0,450.0,531.1435347494329,519.8803989236359,450.0,618.1988617341815,613.2618564813414,,,,,34203925.0,55715.0,101516425.0,165655.0
2024-04-16,3.0,675.0,675.0,675.0,647.8968476030591,635.2433303849117,675.0,613.9087319393341,612.8183574295977,,,,,33256725.0,53755.0,101972050.0,166330.0
2024-04-17,3.0,700.0,700.0,700.0,653.8307493540052,635.6225324647797,700.0,618.1685907939818,612.8599224587875,,,,,33688126.0,54404.0,102763451.0,167579.0
2024-04-17,2.0,549.0,549.0,549.0,530.1542688081149,519.405574765579,549.0,618.6722165379965,613.0707028196958,,,,,33198126.0,53704.0,102273451.0,166879.0
2024-04-19,4.0,780.0,780.0,780.0,869.8771121351766,863.0411428571429,780.0,619.2214910668333,613.2239182713824,,,,,33055126.0,53264.0,103371851.0,168359.0
2024-04-19,2.0,530.0,530.0,530.0,528.7748933466461,519.6488858272434,530.0,620.5903799939922,613.9965846791678,,,,,33336026.0,53794.0,103652751.0,168889.0
2024-04-19,2.0,440.0,440.0,440.0,528.8036695621344,519.730395507087,440.0,619.69784734357,613.7329903072432,,,,,33529626.0,54234.0,103846351.0,169329.0
2024-04-22,3.0,700.0,700.0,700.0,655.1818561872909,636.253074759686,700.0,618.2399601725855,613.2815465750108,,,,,34019626.0,54934.0,104336351.0,170029.0
2024-04-25,3.0,760.0,760.0,760.0,657.2929515418502,636.8713852208011,760.0,619.2817926966906,613.6385616571291,,,,,31035326.0,50684.0,104913951.0,170789.0
2024-04-25,2.0,550.0,550.0,550.0,527.105112154408,519.2125586750509,550.0,612.3298476836871,614.2898605882112,,,,,31337826.0,51234.0,105216451.0,171339.0
2024-04-27,2.0,570.0,570.0,570.0,527.2035164434727,519.460495490219,570.0,611.6607331069212,614.0834894565744,,,,,31662726.0,51804.0,105541351.0,171909.0
2024-04-29,2.0,570.0,570.0,570.0,528.2865388030546,519.8788081201174,570.0,611.2023395876766,613.937321489858,,,,,31039201.0,50689.0,105866251.0,172479.0
2024-04-29,2.0,590.0,590.0,590.0,528.0822684069308,520.290252894752,590.0,612.3458935863797,613.7921196203596,,,,,31387301.0,51279.0,106214351.0,173069.0
2024-04-30,2.0,560.0,560.0,560.0,529.700208158023,520.8775883243367,560.0,610.8334026004868,613.2864470173295,,,,,31178401.0,51089.0,106730451.0,174079.0
2024-04-30,3.0,550.0,550.0,550.0,661.0175992779783,638.1545201497347,550.0,610.276204270978,613.1150282343074,,,,,31480901.0,51639.0,107032951.0,174629.0
2024-04-30,2.0,550.0,550.0,550.0,529.9571030147417,521.1879692856941,550.0,609.6342105772769,612.9162452971728,,,,,31783401.0,52189.0,107335451.0,175179.0
2024-05-01,2.0,520.0,520.0,520.0,530.4335105233588,521.4107343679713,520.0,609.0057483377723,612.7187105760394,,,,,31240476.0,51484.0,107605851.0,175699.0
2024-05-03,3.0,620.0,620.0,620.0,660.6959962756052,637.4946719470869,620.0,606.7997047626448,612.444299626065,,,,,31311276.0,51544.0,107990251.0,176319.0
2024-05-03,3.0,750.0,750.0,750.0,659.5542986425339,637.3482908001457,750.0,607.4669408660562,612.470868142401,,,,,31873776.0,52294.0,108552751.0,177069.0
2024-05-04,3.0,550.0,550.0,550.0,662.5229759299781,638.4770805221178,550.0,609.5111485065208,613.0533916156978,,,,,32176276.0,52844.0,108855251.0,177619.0
2024-05-05,3.0,620.0,620.0,620.0,659.8782051282051,637.8316821177999,620.0,608.8917568692756,612.8581458064734,,,,,32560676.0,53464.0,109239651.0,178239.0
2024-05-06,3.0,550.0,550.0,550.0,658.8488759367194,637.686249490259,550.0,609.020574592249,612.8829885715247,,,,,32863176.0,54014.0,109542151.0,178789.0
2024-05-07,2.0,530.0,530.0,530.0,531.9874267998622,521.400496818131,530.0,608.4195949198356,612.6895446587878,,,,,32603076.0,53504.0,109823051.0,179319.0
2024-05-07,3.0,660.0,660.0,660.0,656.4122914122914,637.0563935796471,660.0,609.3577302631579,612.4451452439507,,,,,33038676.0,54164.0,110258651.0,179979.0
2024-05-08,2.0,530.0,530.0,530.0,531.2952700317685,521.4636356080126,530.0,609.9748172217709,612.6195333900066,,,,,32903551.0,54049.0,110539551.0,180509.0
2024-05-08,3.0,600.0,600.0,600.0,659.5287216828478,637.2524699270999,600.0,608.7726137393846,612.3769507337585,,,,,33263551.0,54649.0,110899551.0,181109.0
2024-05-09,3.0,550.0,550.0,550.0,658.4609929078014,636.965282863714,550.0,608.6762978279565,612.3359468607302,,,,,33566051.0,55199.0,111202051.0,181659.0
2024-05-10,2.0,550.0,550.0,550.0,531.2656721565922,521.5258540073711,550.0,608.0916502110546,612.1472153870714,,,,,33868551.0,55749.0,111504551.0,182209.0
2024-05-14,2.0,540.0,540.0,540.0,531.6996293800539,521.739606365845,540.0,607.5185384491201,611.9596232897387,,,,,31334176.0,51924.0,111796151.0,182749.0
2024-05-18,2.0,395.0,395.0,395.0,534.1179617610945,521.8732081402596,395.0,602.1602112676056,611.246653449773,,,,,30254401.0,50379.0,112074676.0,183494.0
2024-05-21,4.0,900.0,900.0,900.0,868.8,860.1820790112558,900.0,600.5359574425852,610.781148157433,,,,,30095376.0,49384.0,112884676.0,184394.0
2024-05-22,2.0,595.0,595.0,595.0,532.8155039475507,521.1978140456328,595.0,609.4155191965009,612.1927828454288,,,,,30233176.0,49514.0,113238701.0,184989.0
2024-05-22,3.0,650.0,650.0,650.0,656.0961347869178,636.3550313221654,650.0,610.5985377872925,612.137483850391,,,,,30655676.0,50164.0,113661201.0,185639.0
2024-05-22,2.0,580.0,580.0,580.0,536.805439428813,521.7849082838654,580.0,611.10908221035,612.2700563997867,,,,,30992076.0,50744.0,113997601.0,186219.0
2024-05-23,2.0,460.0,460.0,460.0,537.951026567287,522.2328592655488,460.0,610.7535078038783,612.1695476831043,,,,,30890076.0,50644.0,114209201.0,186679.0
2024-05-24,3.0,660.0,660.0,660.0,644.559748427673,636.4672588543447,660.0,609.9454229523734,611.7945832150376,,,,,31325676.0,51304.0,114644801.0,187339.0
2024-05-26,2.0,485.0,485.0,485.0,535.7366438513483,521.8553721187826,485.0,610.5893497583035,611.9644121085305,,,,,30362801.0,49899.0,114880026.0,187824.0
2024-05-27,2.0,500.0,500.0,500.0,533.1229689807976,521.6211658652271,500.0,608.485160023247,611.636564017378,,,,,29587251.0,48669.0,115130026.0,188324.0
2024-05-28,3.0,620.0,620.0,620.0,645.0043630017452,636.6621616534277,620.0,608.6400590203453,610.9143919806722,,,,,29671551.0,48739.0,115690826.0,189364.0
2024-05-28,2.0,500.0,500.0,500.0,532.3108326783486,521.4804415459314,500.0,608.7845667740413,610.9441393295452,,,,,29921551.0,49239.0,115940826.0,189864.0
2024-05-29,2.0,580.0,580.0,580.0,533.4302660806276,521.34153722792,580.0,607.6799082028473,610.6519719378081,,,,,29897951.0,49219.0,116277226.0,190444.0
2024-05-30,2.0,430.0,430.0,430.0,534.6727540365242,521.7782698553292,430.0,607.4473475690282,610.5586209069332,,,,,30082851.0,49649.0,116462126.0,190874.0
2024-05-30,4.0,800.0,800.0,800.0,843.8085539714867,861.7034599872638,800.0,605.9105117927853,610.1518593417647,,,,,30722851.0,50449.0,117102126.0,191674.0
2024-05-30,3.0,795.0,795.0,795.0,645.2162033737229,636.5335267529168,795.0,608.9883050209122,610.9442386552166,,,,,31354876.0,51244.0,117734151.0,192469.0
2024-05-31,3.0,595.0,595.0,595.0,652.0998116760828,638.0868514499901,595.0,611.8740925766919,611.7044874759052,,,,,30955776.0,50614.0,118088176.0,193064.0
2024-06-01,2.0,540.0,540.0,540.0,532.6424737245703,521.2744507283196,540.0,611.6050104714111,611.6530062569925,,,,,31247376.0,51154.0,118379776.0,193604.0
2024-06-01,2.0,510.0,510.0,510.0,532.8174292130873,521.4026575040256,510.0,610.849122258279,611.4531517943844,,,,,31507476.0,51664.0,118639876.0,194114.0
2024-06-04,2.0,470.0,470.0,470.0,532.3162496231535,521.3293987226162,470.0,609.8535924434809,611.186601687668,,,,,28924651.0,47459.0,118860776.0,194584.0
2024-06-04,2.0,550.0,550.0,550.0,530.6760165051694,521.0272758011797,550.0,609.4660865167829,610.8455782592608,,,,,29227151.0,48009.0,119163276.0,195134.0
2024-06-04,3.0,650.0,650.0,650.0,652.6686074721009,637.7730571977626,650.0,608.7848320106647,610.6740803755368,,,,,29649651.0,48659.0,119585776.0,195784.0
2024-06-04,3.0,620.0,620.0,620.0,648.2595101615425,637.8695673292937,620.0,609.3353953019996,610.8046418502023,,,,,30034051.0,49279.0,119970176.0,196404.0
2024-06-06,2.0,540.0,540.0,540.0,531.1565170215652,521.2254698324648,540.0,609.4695712169485,610.8336693753691,,,,,30325651.0,49819.0,120261776.0,196944.0
2024-06-08,3.0,645.0,645.0,645.0,647.3750630994447,637.7360339403874,645.0,608.7165739978723,610.6394508083516,,,,,30741676.0,50464.0,120677801.0,197589.0
2024-06-10,3.0,700.0,700.0,700.0,647.3001711073088,637.7920683139188,700.0,608.1669242976978,610.1717841153453,,,,,29997651.0,49219.0,121651201.0,199269.0
2024-06-10,2.0,530.0,530.0,530.0,528.7723658503339,520.9562359474635,530.0,609.0302152576633,610.386343094037,,,,,29507651.0,48519.0,121161201.0,198569.0
2024-06-10,2.0,450.0,450.0,450.0,531.367271282934,521.3507246018705,450.0,609.1803265694357,610.7516157275961,,,,,29226751.0,47989.0,120880301.0,198039.0
2024-06-11,2.0,750.0,750.0,750.0,528.8012334176317,521.0147459137462,750.0,609.4729880737113,610.4873362138617,,,,,30279251.0,49439.0,122213701.0,200019.0
2024-06-11,2.0,500.0,500.0,500.0,536.0627004701437,523.0921242031668,500.0,612.456785129149,611.0104590063944,,,,,30529251.0,49939.0,122463701.0,200519.0
2024-06-11,2.0,500.0,500.0,500.0,535.2874586181694,522.9533010304073,500.0,611.3308436292276,610.7336511752004,,,,,30779251.0,50439.0,122713701.0,201019.0
2024-06-11,2.0,560.0,560.0,560.0,534.5448461635591,522.816137012824,560.0,610.227224964809,610.4582203672289,,,,,31092851.0,50999.0,123027301.0,201579.0
2024-06-11,2.0,560.0,560.0,560.0,535.1310086763436,523.063349598129,560.0,609.67569952352,610.3180440422861,,,,,31406451.0,51559.0,123340901.0,202139.0
2024-06-12,2.0,445.0,445.0,445.0,535.6907833916155,523.3072967649869,445.0,609.1361546965612,610.1786443981616,,,,,31604476.0,52004.0,123538926.0,202584.0
2024-06-13,3.0,680.0,680.0,680.0,652.77289187791,638.3085371349954,680.0,607.7316360279979,609.8158097381827,,,,,31741976.0,52114.0,124001326.0,203264.0
2024-06-14,2.0,575.0,575.0,575.0,534.0971410519666,522.898470129992,575.0,609.0873085927007,610.0506041404282,,,,,32072601.0,52689.0,124331951.0,203839.0
2024-06-14,3.0,530.0,530.0,530.0,653.6981509245377,638.6420923829918,530.0,608.7153105961396,609.9517315135965,,,,,32353501.0,53219.0,124612851.0,204369.0
2024-06-14,3.0,650.0,650.0,650.0,650.506329113924,637.968827463636,650.0,607.9313966816362,609.744388826094,,,,,32776001.0,53869.0,125035351.0,205019.0
2024-06-15,2.0,515.0,515.0,515.0,535.0052511679987,523.2475906352332,515.0,608.4390094488481,609.8720167399119,,,,,33041226.0,54384.0,125300576.0,205534.0
2024-06-17,2.0,420.0,420.0,420.0,534.6152040584539,523.1983875078192,420.0,607.5541703442188,609.6342989481059,,,,,31698626.0,52844.0,125476976.0,205954.0
2024-06-18,2.0,440.0,440.0,440.0,532.8212715212045,522.6987296244207,440.0,599.8528877450609,609.2475795566,,,,,31456626.0,52624.0,125670576.0,206394.0
2024-06-18,2.0,550.0,550.0,550.0,531.3238248881719,522.2813754501869,550.0,597.7619717239282,608.8867699642432,,,,,31759126.0,53174.0,125973076.0,206944.0
2024-06-18,2.0,500.0,500.0,500.0,531.6929988499137,522.4551381416978,500.0,597.2679505021251,608.7302651925158,,,,,32009126.0,53674.0,126223076.0,207444.0
2024-06-19,2.0,550.0,550.0,550.0,531.1335263380878,522.327893376853,550.0,596.3618511756157,608.4681938258036,,,,,31638026.0,53064.0,126525576.0,207994.0
2024-06-20,2.0,420.0,420.0,420.0,529.944497506102,522.5438219355995,420.0,597.4668592137457,608.3740468201921,,,,,32654101.0,54779.0,127827876.0,210244.0
2024-06-20,2.0,530.0,530.0,530.0,530.0391172101578,522.4993129547452,530.0,598.1311374909435,608.5725152178276,,,,,32477701.0,54359.0,127651476.0,209824.0
2024-06-20,3.0,650.0,650.0,650.0,656.5871833084948,638.1489680272736,650.0,597.4971511310856,608.4434539215123,,,,,32196801.0,53829.0,127370576.0,209294.0
2024-06-20,3.0,650.0,650.0,650.0,650.4907975460122,638.0595771346345,650.0,596.2239182873511,608.313585968826,,,,,31774301.0,53179.0,126948076.0,208644.0
2024-06-24,3.0,680.0,680.0,680.0,656.381135707411,638.2370304318997,680.0,596.1061903284105,607.9977359639277,,,,,32147076.0,53754.0,128290276.0,210924.0
2024-06-24,2.0,435.0,435.0,435.0,528.334936735334,522.0638762592494,435.0,598.0406295345463,608.2298647854203,,,,,32336301.0,54189.0,128479501.0,211359.0
2024-06-25,3.0,650.0,650.0,650.0,659.7320574162679,638.5591805249903,650.0,596.7318274926646,607.873338727,,,,,32433901.0,54269.0,128902001.0,212009.0
2024-06-25,2.0,525.0,525.0,525.0,525.0652632331391,521.6438655443546,525.0,597.650610845971,608.0024951770915,,,,,32709526.0,54794.0,129177626.0,212534.0
2024-06-25,2.0,480.0,480.0,480.0,524.14713252667,521.6632927582252,480.0,596.9545205679455,607.7974629941563,,,,,32939926.0,55274.0,129408026.0,213014.0
2024-06-27,3.0,650.0,650.0,650.0,659.4385150812064,638.642921490023,650.0,595.938886275645,607.5094876393101,,,,,32111026.0,54344.0,129830526.0,213664.0
2024-06-28,2.0,470.0,470.0,470.0,523.40135144647,521.4439545494429,470.0,590.8844766671574,607.6387505616294,,,,,32331926.0,54814.0,130051426.0,214134.0
2024-06-29,3.0,675.0,675.0,675.0,655.986013986014,638.7254454803586,675.0,589.8479585507353,607.3366490141686,,,,,32787551.0,55489.0,130507051.0,214809.0
2024-07-01,3.0,525.0,525.0,525.0,656.5661016949152,638.9971152459253,525.0,590.8837967885527,607.5492693509117,,,,,32204776.0,54734.0,130782676.0,215334.0
2024-07-02,2.0,525.0,525.0,525.0,522.532405484005,521.1801278833774,525.0,588.3870354806884,607.3480082105009,,,,,32220301.0,54749.0,130813276.0,215364.0
2024-07-03,2.0,430.0,430.0,430.0,523.1997957674566,521.3433614032026,430.0,588.5093974319166,607.4054902397801,,,,,32405201.0,55179.0,130684576.0,215234.0
2024-07-03,2.0,490.0,490.0,490.0,521.8096708175796,520.6778450178052,490.0,587.2741622718788,607.1744055307247,,,,,32645301.0,55669.0,130924676.0,215724.0
2024-07-03,2.0,570.0,570.0,570.0,521.2780449537843,520.5145160589335,570.0,586.4179525409114,606.9082531382693,,,,,32970201.0,56239.0,131249576.0,216294.0
2024-07-03,3.0,590.0,590.0,590.0,653.5165562913908,638.3369294239636,590.0,586.2515514144989,606.8109887467983,,,,,33318301.0,56829.0,131597676.0,216884.0
2024-07-04,2.0,550.0,550.0,550.0,520.4636646281048,520.7749146831396,550.0,586.0894340763934,606.8220847550094,,,,,33246001.0,56759.0,131554476.0,216844.0
2024-07-04,2.0,460.0,460.0,460.0,522.2071999732343,520.8191045936549,460.0,586.2904678949128,606.765257003744,,,,,32943501.0,56209.0,131251976.0,216294.0
2024-07-05,3.0,750.0,750.0,750.0,651.9040447504303,638.0243742054272,750.0,585.739724096619,606.6779620372249,,,,,33808501.0,57509.0,131707376.0,216954.0
2024-07-05,2.0,420.0,420.0,420.0,521.0084509876253,520.9474802997445,420.0,587.8819141351788,607.0751219152447,,,,,33984901.0,57929.0,131883776.0,217374.0
2024-07-05,2.0,530.0,530.0,530.0,519.6055094414498,520.4943462368809,530.0,586.6647275112638,606.713664007655,,,,,34265801.0,58459.0,132164676.0,217904.0
2024-07-08,2.0,580.0,580.0,580.0,519.7845558841691,520.5478872640707,580.0,586.1509947142441,606.5270761436229,,,,,33473201.0,57219.0,132187476.0,217924.0
2024-07-09,2.0,750.0,750.0,750.0,523.0710647207725,521.4326242615285,750.0,583.2151796597367,606.6758648379827,,,,,34534201.0,58999.0,133530076.0,219924.0
2024-07-09,2.0,560.0,560.0,560.0,521.5345816191001,520.9121002154717,560.0,585.0015029972561,606.5760356821644,,,,,33224301.0,57029.0,132220176.0,217954.0
2024-07-09,3.0,650.0,650.0,650.0,654.9708211754897,639.3063652587746,650.0,582.5860702449631,606.6425759563945,,,,,33646801.0,57679.0,132642676.0,218604.0
2024-07-09,2.0,570.0,570.0,570.0,522.2199560915078,521.1419421227267,570.0,583.3457757589417,606.7714954895611,,,,,33971701.0,58249.0,132967576.0,219174.0
2024-07-11,3.0,650.0,650.0,650.0,650.7383592017738,640.5162618726062,650.0,585.3353616162985,607.1646386933668,,,,,34758676.0,59204.0,133952576.0,220574.0
2024-07-11,2.0,395.0,395.0,395.0,528.268069254023,523.2080243589212,395.0,587.1001283697047,607.2908683707055,,,,,34914701.0,59599.0,134108601.0,220969.0
2024-07-11,2.0,600.0,600.0,600.0,527.7914003486345,522.6856762694557,600.0,585.8269601838957,606.9113812344718,,,,,35274701.0,60199.0,134468601.0,221569.0
2024-07-12,2.0,400.0,400.0,400.0,529.2040519299063,523.1135677571999,400.0,587.8223160473136,607.2700880771035,,,,,36636726.0,62454.0,134745626.0,222024.0
2024-07-12,2.0,475.0,475.0,475.0,529.9640190088255,523.3477726196699,475.0,588.6925900063334,607.5541874482815,,,,,36476726.0,62054.0,134585626.0,221624.0
2024-07-12,3.0,650.0,650.0,650.0,655.69375,641.9162551846731,650.0,586.6193678547411,606.8966688285951,,,,,37059226.0,63104.0,135168126.0,222674.0
2024-07-12,2.0,580.0,580.0,580.0,529.0924952701282,523.1612079835163,580.0,585.9682220634894,606.8926654902085,,,,,35611101.0,60779.0,133720001.0,220349.0
2024-07-12,3.0,800.0,800.0,800.0,650.7176724137931,640.584014771828,800.0,585.9112686947794,606.8554928772085,,,,,36251101.0,61579.0,134360001.0,221149.0
2024-07-15,3.0,660.0,660.0,660.0,656.8910710670176,642.3037114479874,660.0,588.7561592313406,607.0943509453904,,,,,37691501.0,63939.0,135996126.0,223954.0
2024-07-15,4.0,580.0,580.0,580.0,837.6707530647986,859.6766577704783,580.0,587.2722172920893,607.0224902772663,,,,,36737501.0,62559.0,135042126.0,222574.0
2024-07-15,3.0,720.0,720.0,720.0,655.5436105476673,641.97350300706,720.0,587.245656100641,606.7291148112538,,,,,37255901.0,63279.0,135560526.0,223294.0
2024-07-16,3.0,620.0,620.0,620.0,656.9719976336029,642.4299987024783,620.0,595.0714397864657,608.9961769961859,,,,,38284500.0,64310.0,137380526.0,225574.0
2024-07-16,3.0,640.0,640.0,640.0,654.8733926805144,642.2806324110672,640.0,593.9454545454546,608.6164045172629,,,,,38793325.0,65265.0,137889351.0,226529.0
2024-07-17,2.0,580.0,580.0,580.0,527.7169822178741,522.6133907532299,580.0,594.3970734697004,608.7050708739279,,,,,39129725.0,65845.0,137742726.0,226414.0
2024-07-17,2.0,550.0,550.0,550.0,529.2784330857726,522.9494729189386,550.0,594.2702559040171,608.3666469387936,,,,,39432225.0,66395.0,138045226.0,226964.0
2024-07-19,3.0,790.0,790.0,790.0,654.5060775612579,642.2650622973204,790.0,593.9035318924617,608.2252075218978,,,,,38973425.0,65435.0,138190426.0,226784.0
2024-07-20,2.0,485.0,485.0,485.0,529.6051311451913,523.0988693189806,485.0,595.6051807136853,609.3482168054184,,,,,39208650.0,65920.0,138425651.0,227269.0
2024-07-22,2.0,500.0,500.0,500.0,530.1162790697674,523.2000585261501,500.0,594.7914138349514,609.0828533587951,,,,,38968650.0,65720.0,138675651.0,227769.0
2024-07-23,2.0,600.0,600.0,600.0,529.6848137535817,523.0835935382175,600.0,592.949634814364,608.8433939649382,,,,,39328650.0,66320.0,139035651.0,228369.0
2024-07-23,3.0,650.0,650.0,650.0,658.5143231604568,643.4996509192459,650.0,593.013419782871,608.8201594787383,,,,,39751150.0,66970.0,139458151.0,229019.0
2024-07-23,3.0,599.0,599.0,599.0,657.2172200337648,643.5440410152967,599.0,593.5665223234284,608.9370357917902,,,,,40109951.0,67569.0,139816952.0,229618.0
2024-07-24,3.0,750.0,750.0,750.0,655.9376972187569,643.2654750843052,750.0,593.6146901685685,608.9111132402512,,,,,39792351.0,67009.0,139716852.0,229228.0
2024-07-25,3.0,560.0,560.0,560.0,655.6242108354134,644.0547020848326,560.0,593.8359175633124,609.5104088505767,,,,,40105951.0,67569.0,139845552.0,229358.0
2024-07-27,2.0,530.0,530.0,530.0,530.8732394366198,523.544166225886,530.0,593.5554914235818,609.7260701610583,,,,,40061951.0,67529.0,138961052.0,227788.0
2024-07-29,3.0,620.0,620.0,620.0,653.6982448568551,643.5666352145827,620.0,593.2555050422782,610.0455335662984,,,,,38652251.0,64879.0,139042952.0,227858.0
2024-07-30,2.0,460.0,460.0,460.0,529.919793755371,525.0411552565384,460.0,595.759043758381,610.2175565483766,,,,,38593451.0,64819.0,139254552.0,228318.0
2024-08-01,3.0,680.0,680.0,680.0,653.0502320100169,643.9900399445157,680.0,592.2290001229861,609.6291663578457,,,,,38985712.0,65728.0,140291213.0,230047.0
2024-08-01,2.0,430.0,430.0,430.0,526.3289223239373,524.5706095353048,430.0,593.308551796713,609.9665541175083,,,,,38523312.0,65048.0,139828813.0,229367.0
2024-08-01,2.0,519.0,519.0,519.0,526.4456721915285,524.7403143256478,519.0,595.4033693824341,609.9149081544163,,,,,37915912.0,63968.0,139221413.0,228287.0
2024-08-01,3.0,650.0,650.0,650.0,654.9948338953864,643.9490197725578,650.0,592.7324912456228,609.8525671632638,,,,,38338412.0,64618.0,139643913.0,228937.0
2024-08-02,3.0,650.0,650.0,650.0,653.7086297334196,644.2436233339893,650.0,593.1370496592016,609.8371767508379,,,,,39105712.0,65828.0,140713713.0,230697.0
2024-08-02,3.0,595.0,595.0,595.0,655.6642800887807,644.282112474669,595.0,594.0589414838671,609.9503374556236,,,,,39459737.0,66423.0,141067738.0,231292.0
2024-08-02,2.0,475.0,475.0,475.0,525.0935309731874,524.1633450175262,475.0,594.0673712418891,609.91187762655,,,,,39685362.0,66898.0,141293363.0,231767.0
2024-08-05,2.0,535.0,535.0,535.0,524.393777202682,523.9305756292051,535.0,593.2219498340758,609.6353794975126,,,,,38568187.0,65073.0,141579588.0,232302.0
2024-08-05,2.0,570.0,570.0,570.0,524.4732570790085,523.9892920880428,570.0,592.6910853964009,609.4634914895265,,,,,38893087.0,65643.0,141904488.0,232872.0
2024-08-05,2.0,480.0,480.0,480.0,525.2237195986003,524.2478556640048,480.0,592.4940511554926,609.3668968360302,,,,,39123487.0,66123.0,142134888.0,233352.0
2024-08-05,2.0,450.0,450.0,450.0,524.6045523260789,524.0394465705034,450.0,591.6774344781695,609.1007919366451,,,,,39325987.0,66573.0,142337388.0,233802.0
2024-08-05,4.0,440.0,440.0,440.0,836.1576354679803,864.962502466943,440.0,590.7197662716117,608.7945697641594,,,,,39519587.0,67013.0,142530988.0,234242.0
2024-08-06,3.0,590.0,590.0,590.0,654.3990676154089,643.9823122852937,590.0,589.7301568352409,608.477506168834,,,,,39226787.0,66473.0,142879088.0,234832.0
2024-08-06,3.0,750.0,750.0,750.0,657.0104162763686,643.6586312729934,750.0,590.1160922479804,608.4310826463173,,,,,39789287.0,67223.0,143441588.0,235582.0
2024-08-07,3.0,670.0,670.0,670.0,659.552133824119,644.4630451446322,670.0,591.8999003317317,608.6301405440387,,,,,40238187.0,67893.0,143399687.0,235543.0
2024-08-07,2.0,550.0,550.0,550.0,523.6591005097299,523.7139507620165,550.0,591.8999003317317,608.8817821395522,,,,,39789287.0,67223.0,142950787.0,234873.0
2024-08-08,3.0,650.0,650.0,650.0,662.9339679394176,645.3612098748023,650.0,594.1197037167674,609.642473095374,,,,,40848187.0,68693.0,143516562.0,235368.0
2024-08-08,3.0,650.0,650.0,650.0,662.6431561105538,645.3913822260915,650.0,594.6484649090883,609.753925767309,,,,,41270687.0,69343.0,143939062.0,236018.0
2024-08-08,3.0,700.0,700.0,700.0,661.9924888421206,644.8474114990727,700.0,592.670628783527,608.8047065716239,,,,,40425687.0,68043.0,143094062.0,234718.0
2024-08-10,2.0,529.0,529.0,529.0,523.9722761687635,523.0601989028075,529.0,595.1673132111388,609.8647645518562,,,,,41550528.0,69872.0,143686003.0,235517.0
2024-08-10,3.0,620.0,620.0,620.0,662.3651341385026,645.4211646103219,620.0,594.666361346462,610.0876072640192,,,,,41934928.0,70492.0,144070403.0,236137.0
2024-08-12,3.0,690.0,690.0,690.0,661.4947811392027,645.265426914222,690.0,594.8891789139193,610.113633187514,,,,,42119428.0,70642.0,144546503.0,236827.0
2024-08-13,3.0,500.0,500.0,500.0,662.1319446694094,645.5683609276398,500.0,596.2377622377622,610.3463836471349,,,,,42369428.0,71142.0,144465878.0,236752.0
2024-08-13,4.0,699.0,699.0,699.0,801.0752688172043,862.2169059011164,699.0,595.5613842737062,610.1991873352706,,,,,42858029.0,71841.0,144954479.0,237451.0
2024-08-13,3.0,700.0,700.0,700.0,659.5476744556728,644.8575293232935,700.0,596.5678233877591,610.4605960808757,,,,,43348029.0,72541.0,145444479.0,238151.0
2024-08-14,3.0,695.0,695.0,695.0,660.4306651283171,645.2319459129136,695.0,595.8329907012838,610.3377574505012,,,,,44247554.0,74146.0,146073604.0,239236.0
2024-08-14,2.0,420.0,420.0,420.0,522.9300016921428,523.3621764500524,420.0,596.844203146609,610.6734769297962,,,,,43764529.0,73451.0,145590579.0,238541.0
2024-08-14,2.0,490.0,490.0,490.0,523.6440238819421,523.8013087447947,490.0,597.5659144483809,610.7237802906559,,,,,43588129.0,73031.0,145414179.0,238121.0
2024-08-15,2.0,500.0,500.0,500.0,521.7250682869725,522.9309659796374,500.0,596.7625225905646,610.5837081375713,,,,,44375054.0,74296.0,145103179.0,238261.0
2024-08-15,2.0,470.0,470.0,470.0,521.4264665457144,523.0217488455236,470.0,597.2737967050716,609.0093594839273,,,,,44595954.0,74766.0,145324079.0,238731.0
2024-08-15,2.0,445.0,445.0,445.0,520.7705167173252,522.7754163989522,445.0,596.4737180001605,608.735685771852,,,,,44793979.0,75211.0,145522104.0,239176.0
2024-08-15,3.0,600.0,600.0,600.0,661.1639604443902,645.5652098508498,600.0,595.5774953131855,608.4310465933037,,,,,45153979.0,75811.0,145882104.0,239776.0
2024-08-17,3.0,730.0,730.0,730.0,660.0640211005874,645.3033107253707,730.0,595.6124968672092,608.4099492860003,,,,,45530854.0,76146.0,146112504.0,239956.0
2024-08-17,2.0,550.0,550.0,550.0,519.8663824310192,522.4347997244365,550.0,597.9415071047724,608.9137341846005,,,,,45833354.0,76696.0,146415004.0,240506.0
2024-08-18,3.0,795.0,795.0,795.0,661.5614477620695,646.395857241221,795.0,597.5977104412225,608.7790075923261,,,,,46465379.0,77491.0,146344529.0,240131.0
2024-08-19,2.0,430.0,430.0,430.0,522.2707231736512,523.1368858469812,430.0,597.1227691754616,609.9949953522342,,,,,46692404.0,78316.0,147179054.0,241406.0
2024-08-19,3.0,730.0,730.0,730.0,664.6020522227636,648.0459051951667,730.0,599.6229110477345,609.4362202297913,,,,,46188279.0,77321.0,146674929.0,240411.0
2024-08-19,2.0,565.0,565.0,565.0,521.6260414441359,522.5832028191073,565.0,597.3574966697275,610.1007399827795,,,,,46507504.0,77886.0,146994154.0,240976.0
2024-08-20,3.0,630.0,630.0,630.0,665.9423622224094,648.6160994252929,630.0,596.2051688033097,609.6743825754123,,,,,45976379.0,77121.0,147345554.0,241556.0
2024-08-20,3.0,550.0,550.0,550.0,665.5973763307958,648.5049880154993,550.0,596.1590098676106,609.9850717845966,,,,,46278879.0,77671.0,147648054.0,242106.0
2024-08-20,3.0,670.0,670.0,670.0,663.838584746466,647.9943733918927,670.0,595.8321509958672,609.8488017645163,,,,,46727779.0,78341.0,148096954.0,242776.0
2024-08-20,2.0,480.0,480.0,480.0,521.2386390240096,522.746945134122,480.0,596.1425130876779,609.8791497825962,,,,,47260679.0,79371.0,148629854.0,243806.0
2024-08-21,3.0,580.0,580.0,580.0,663.9507047991526,648.1324585803527,580.0,595.4401355658867,609.6234465107503,,,,,47385479.0,79491.0,148652654.0,243826.0
2024-08-21,2.0,530.0,530.0,530.0,518.6487231111582,522.746945134122,530.0,596.1112452982098,609.6669510224505,,,,,47666379.0,80021.0,148933554.0,244356.0
2024-08-21,3.0,650.0,650.0,650.0,662.6487606620498,647.7643568414483,650.0,595.6733732395246,609.4941560673772,,,,,48088879.0,80671.0,149356054.0,245006.0
2024-08-23,4.0,800.0,800.0,800.0,784.928943199819,857.7912642073005,800.0,596.1111056017652,609.6016179195611,,,,,48293279.0,80811.0,149851654.0,245426.0
2024-08-23,4.0,990.0,990.0,990.0,763.7418383885158,850.6479049405879,990.0,597.607739045427,610.5777464490315,,,,,49273379.0,81801.0,150831754.0,246416.0
2024-08-24,3.0,720.0,720.0,720.0,662.432678914032,647.777811727452,720.0,602.3566826811408,612.1021118758522,,,,,49556554.0,82036.0,151100154.0,246636.0
2024-08-24,3.0,700.0,700.0,700.0,663.5624393187961,648.2560911674623,700.0,604.0830123360475,612.644358487812,,,,,50046554.0,82736.0,151590154.0,247336.0
2024-08-25,2.0,550.0,550.0,550.0,519.5211803902903,522.5812028244461,550.0,604.8945320054148,612.8915887699324,,,,,50099054.0,82786.0,151544554.0,247296.0
2024-08-26,3.0,610.0,610.0,610.0,664.2196655414981,648.5871069153651,610.0,605.1633609547508,612.8063292572464,,,,,49660354.0,81856.0,151495453.0,247257.0
2024-08-27,2.0,540.0,540.0,540.0,520.9588970528428,522.3632715087282,540.0,607.048152470792,612.763345231532,,,,,50743979.0,83651.0,152561453.0,249037.0
2024-08-27,3.0,675.0,675.0,675.0,662.8355468650803,648.6157290638594,675.0,606.4917511766704,612.5938294420996,,,,,50452379.0,83111.0,152269853.0,248497.0
2024-08-27,2.0,580.0,580.0,580.0,520.6785704732098,522.83791676807,580.0,606.6794614933542,612.6702906464112,,,,,49996754.0,82436.0,151814228.0,247822.0
2024-08-27,3.0,580.0,580.0,580.0,664.0738421093328,648.68787405316,580.0,606.6794614933542,612.7044047286831,,,,,49660354.0,81856.0,151477828.0,247242.0
2024-08-28,2.0,530.0,530.0,530.0,521.2336531010342,522.4555602930346,530.0,606.6153303606651,612.6055686504415,,,,,49567954.0,82156.0,152842353.0,249567.0
2024-08-29,2.0,550.0,550.0,550.0,522.4029795059031,522.4941094807474,550.0,603.3394274307415,612.4301410042193,,,,,49516429.0,82111.0,152914453.0,249637.0
2024-08-29,3.0,639.0,639.0,639.0,663.0405452638937,648.7774810858923,639.0,603.0425765122822,612.5472305788004,,,,,49924750.0,82750.0,153322774.0,250276.0
2024-08-29,3.0,660.0,660.0,660.0,661.0105335470574,648.7210633725235,660.0,603.3202416918429,612.6147692946987,,,,,50360350.0,83410.0,153758374.0,250936.0
2024-08-30,3.0,800.0,800.0,800.0,660.9938443059831,648.7878853162421,800.0,603.7687327658554,612.7393996875697,,,,,50448650.0,83160.0,154398374.0,251736.0
2024-08-30,2.0,530.0,530.0,530.0,522.8016442098075,522.8363713437898,530.0,606.6456228956229,613.3345012235039,,,,,50729550.0,83690.0,154679274.0,252266.0
2024-09-01,3.0,590.0,590.0,590.0,663.7219292005004,649.8660273435411,590.0,606.1602341976342,613.1594190259488,,,,,51077650.0,84280.0,153657274.0,250846.0
2024-09-02,2.0,450.0,450.0,450.0,522.8297872340426,522.8727642198493,450.0,606.0471048884671,612.5562057995743,,,,,49949850.0,82440.0,153859774.0,251296.0
2024-09-03,2.0,550.0,550.0,550.0,522.2109347538058,522.4149828257824,550.0,605.8933770014556,612.2651136508341,,,,,50252350.0,82990.0,153455649.0,250661.0
2024-09-03,2.0,540.0,540.0,540.0,522.6181493618949,522.4424499429152,540.0,605.5229545728401,612.2039288122205,,,,,50543950.0,83530.0,153747249.0,251201.0
2024-09-03,2.0,450.0,450.0,450.0,522.8646810075381,522.5329432762883,450.0,605.0993654974261,612.0487139780495,,,,,50746450.0,83980.0,153949749.0,251651.0
2024-09-03,2.0,540.0,540.0,540.0,522.0135243880279,522.2227407076534,540.0,604.268278161467,611.7589399605008,,,,,51038050.0,84520.0,154241349.0,252191.0
2024-09-03,2.0,540.0,540.0,540.0,522.2621662442721,522.3135087603181,540.0,603.8576668244202,611.6052872624321,,,,,51329650.0,85060.0,154532949.0,252731.0
2024-09-03,2.0,500.0,500.0,500.0,522.5040274726662,522.403354625074,500.0,603.4522689865977,611.4522911712453,,,,,51579650.0,85560.0,154782949.0,253231.0
2024-09-04,2.0,530.0,530.0,530.0,523.1463536090431,522.7325537006174,530.0,603.2241298761971,611.1060822099605,,,,,51928950.0,86150.0,155001349.0,253711.0
2024-09-04,2.0,600.0,600.0,600.0,522.2234496172356,522.2984709880993,600.0,602.8477092099112,611.2322306510656,,,,,51648050.0,85620.0,154720449.0,253181.0
2024-09-05,3.0,540.0,540.0,540.0,662.6701085773705,648.4817303201236,540.0,602.7736506094022,610.9366523327724,,,,,52220550.0,86690.0,155292949.0,254251.0
2024-09-06,3.0,570.0,570.0,570.0,661.893434753711,647.9921506212585,570.0,602.3826277540662,610.7859910088849,,,,,52129425.0,86615.0,155617849.0,254821.0
2024-09-09,2.0,530.0,530.0,530.0,523.2356179195439,522.7682408205242,530.0,601.8521618657277,610.6947582813034,,,,,49747225.0,82595.0,153928799.0,252581.0
2024-09-10,2.0,500.0,500.0,500.0,519.0866936023332,522.803579166705,500.0,602.3031055148617,609.4235077064387,,,,,49799200.0,82650.0,153824774.0,252486.0
2024-09-11,3.0,610.0,610.0,610.0,663.3699684984249,649.1751342120323,610.0,603.1692408611127,608.7373134092845,,,,,50944825.0,84455.0,154684574.0,254106.0
2024-09-11,3.0,830.0,830.0,830.0,660.8703758508434,647.5921980711098,830.0,602.5311554748941,609.2408054307962,,,,,50025700.0,82800.0,153765449.0,252451.0
2024-09-11,2.0,545.0,545.0,545.0,519.7125681308112,522.3019581787646,545.0,604.1751207729469,609.0902749444447,,,,,50322725.0,83345.0,154062474.0,252996.0
2024-09-11,2.0,500.0,500.0,500.0,520.0755010138782,522.4155411299134,500.0,603.7881696562481,608.9522126832045,,,,,50572725.0,83845.0,154312474.0,253496.0
2024-09-12,3.0,580.0,580.0,580.0,662.5682624113475,648.9592581551442,580.0,603.2185779409152,608.740344580608,,,,,50247200.0,83280.0,154636574.0,254066.0
2024-09-12,3.0,615.0,615.0,615.0,663.3316336732654,648.7600694036528,615.0,603.3525456292027,608.6472570119575,,,,,50625425.0,83895.0,155014799.0,254681.0
2024-09-13,2.0,475.0,475.0,475.0,519.8145972500195,522.3131038012631,475.0,603.4379283628344,608.6625975239614,,,,,50585825.0,83855.0,155240424.0,255156.0
2024-09-14,2.0,560.0,560.0,560.0,518.4796344233715,522.1085852610888,560.0,603.2535328841452,608.4137703992851,,,,,50899425.0,84415.0,155554024.0,255716.0
2024-09-15,3.0,550.0,550.0,550.0,662.5999310735298,648.5734776044288,550.0,602.9665936148789,608.3077476575576,,,,,51025525.0,84545.0,155856524.0,256266.0
2024-09-16,3.0,580.0,580.0,580.0,661.0957909309499,648.0886408756775,580.0,604.9814593301436,608.0485220648649,,,,,50912850.0,84180.0,156489949.0,257391.0
2024-09-16,4.0,545.0,545.0,545.0,805.9335091354304,855.8393918868067,545.0,603.5309598438702,608.182607134774,,,,,50576450.0,83600.0,156153549.0,256811.0
2024-09-16,3.0,670.0,670.0,670.0,659.9692716691017,647.7373000480419,670.0,604.8093371347113,607.9853180569639,,,,,51361750.0,84850.0,156938849.0,258061.0
2024-09-17,3.0,550.0,550.0,550.0,659.9748566387296,647.8813949807425,550.0,605.2516271501627,608.3230824975137,,,,,52378350.0,86590.0,158117324.0,259976.0
2024-09-17,2.0,499.0,499.0,499.0,521.2508637443317,522.5229880935303,499.0,604.900681371983,608.1996953564944,,,,,52627351.0,87089.0,158366325.0,260475.0
2024-09-17,2.0,540.0,540.0,540.0,520.9735400460173,522.4379617283506,540.0,605.6637426900585,608.4655948950503,,,,,52075850.0,86040.0,157814824.0,259426.0
2024-09-17,2.0,550.0,550.0,550.0,519.0848560570566,522.3007080383173,550.0,606.0241318422602,608.5900687476775,,,,,51784250.0,85500.0,157523224.0,258886.0
2024-09-17,3.0,650.0,650.0,650.0,660.1276901680692,647.8692160747134,650.0,605.3241013553329,608.1463258686899,,,,,51481750.0,84950.0,157220724.0,258336.0
2024-09-18,2.0,499.0,499.0,499.0,520.9551495459025,522.4182175213103,499.0,604.2938947513463,607.9904981284193,,,,,51574052.0,85338.0,158615326.0,260974.0
2024-09-19,3.0,650.0,650.0,650.0,658.588290580657,647.4102842341081,650.0,604.3503714640606,607.7821008989401,,,,,51996552.0,85988.0,158707201.0,261049.0
2024-09-20,3.0,580.0,580.0,580.0,658.7181951457892,647.4249316928003,580.0,604.6954458761687,607.9594290727028,,,,,52332952.0,86568.0,158045476.0,260254.0
2024-09-21,4.0,570.0,570.0,570.0,778.7348634744757,848.1914575042358,570.0,604.5299879863229,607.2739554435283,,,,,52657852.0,87138.0,157894276.0,260134.0
2024-09-21,2.0,850.0,850.0,850.0,521.6736036230321,522.3143760996677,850.0,604.3041153113452,606.9728524529665,,,,,53380352.0,87988.0,158616776.0,260984.0
2024-09-23,3.0,750.0,750.0,750.0,657.6698964480058,647.6438157196657,750.0,606.6776378597082,607.7643686969316,,,,,52362702.0,85968.0,158934251.0,261239.0
2024-09-23,2.0,530.0,530.0,530.0,529.02819796553,524.5148968610661,530.0,609.0952680067002,608.3863856468598,,,,,52643602.0,86498.0,159215151.0,261769.0
2024-09-24,2.0,530.0,530.0,530.0,530.8390214926018,524.5405465020866,530.0,608.6106268353026,608.2276778380939,,,,,52924502.0,87028.0,159193551.0,261749.0
2024-09-24,2.0,529.0,529.0,529.0,530.8271841558857,524.4425118470865,529.0,608.131888587581,608.1916301494944,,,,,53204343.0,87557.0,159473392.0,262278.0
2024-09-25,2.0,570.0,570.0,570.0,530.8018112613204,524.4636884266741,570.0,607.6537912445607,608.0319050778182,,,,,53106743.0,87477.0,159548292.0,262348.0
2024-09-25,3.0,680.0,680.0,680.0,659.0439811044145,648.718531193798,680.0,607.0937846519656,608.1551679448671,,,,,53569143.0,88157.0,160010692.0,263028.0
2024-09-26,2.0,480.0,480.0,480.0,531.3796715375663,524.7989079864464,480.0,607.6561475549304,608.340906671533,,,,,53578643.0,88167.0,159668192.0,262438.0
2024-09-27,2.0,550.0,550.0,550.0,531.487912087912,524.488282622444,550.0,607.6949765785384,608.4034781548404,,,,,53425518.0,88042.0,159768192.0,262538.0
2024-09-27,2.0,485.0,485.0,485.0,531.7474824729127,524.905588514059,485.0,606.8185411508144,608.5526361898087,,,,,53660743.0,88527.0,160003417.0,263023.0
2024-09-28,4.0,555.0,555.0,555.0,757.5793029871977,841.8124626479142,555.0,606.1097422778731,608.3058648145268,,,,,54328768.0,89682.0,160671442.0,264178.0
2024-09-28,2.0,600.0,600.0,600.0,531.1765298413497,524.7364571408597,600.0,606.1511516260576,608.3248118985792,,,,,54020743.0,89127.0,160363417.0,263623.0
2024-09-29,2.0,600.0,600.0,600.0,532.2009426941206,525.1290238453313,600.0,605.7934479605718,608.1938768557563,,,,,54413143.0,89757.0,161031442.0,264778.0
2024-09-30,2.0,430.0,430.0,430.0,533.1953067709607,525.5175166258767,430.0,606.2272914647325,608.1753091268912,,,,,54322418.0,89662.0,160774117.0,264543.0
2024-09-30,2.0,430.0,430.0,430.0,532.2135244395442,525.1636352670532,430.0,605.8577546786821,607.7428508786851,,,,,54507318.0,90092.0,160959017.0,264973.0
2024-10-01,3.0,590.0,590.0,590.0,659.512057298328,648.9031434969016,590.0,605.9055105641768,607.1853842856221,,,,,53917418.0,89002.0,160397917.0,264183.0
2024-10-02,4.0,850.0,850.0,850.0,739.3835572099046,835.6075465814298,850.0,605.8000719084964,607.1470041599952,,,,,54125818.0,88842.0,160287992.0,263468.0
2024-10-02,3.0,650.0,650.0,650.0,660.951295361577,649.8550515299477,650.0,609.236824925148,608.3774576039594,,,,,54548318.0,89492.0,160710492.0,264118.0
2024-10-03,2.0,480.0,480.0,480.0,531.1478967147533,524.8123664082821,480.0,609.8642645495465,608.4002920396383,,,,,54155818.0,88902.0,160226292.0,263458.0
2024-10-03,3.0,630.0,630.0,630.0,660.7836195321885,649.8558816532595,630.0,609.5328967952443,608.4798915636193,,,,,53925418.0,88422.0,159995892.0,262978.0
2024-10-05,2.0,550.0,550.0,550.0,533.410711952972,524.7342044937453,550.0,609.163100942611,608.1663566868343,,,,,54458318.0,89452.0,159090192.0,261668.0
2024-10-07,4.0,850.0,850.0,850.0,752.760136577038,841.244629887189,850.0,608.7993337208783,607.9848968922452,,,,,53220918.0,87192.0,159610192.0,262068.0
2024-10-11,2.0,540.0,540.0,540.0,533.6457179652286,525.173198493777,540.0,610.3876273052574,609.041134362074,,,,,50789468.0,83182.0,158190292.0,259438.0
2024-10-14,4.0,820.0,820.0,820.0,763.2505394085543,849.7400722021661,820.0,604.4653823302615,609.3671118032876,,,,,48489843.0,79927.0,157964067.0,258943.0
2024-10-14,2.0,515.0,515.0,515.0,529.2394427514149,526.0456921202906,515.0,607.301663440078,610.2138954992638,,,,,49515568.0,81612.0,158989792.0,260628.0
2024-10-15,3.0,420.0,420.0,420.0,658.7448798809439,649.1897167995601,420.0,606.7192079596138,610.0257531807787,,,,,49053068.0,80902.0,158743692.0,260398.0
2024-10-16,3.0,680.0,680.0,680.0,653.2544763536118,650.8396291240254,680.0,606.327012929223,609.619474803954,,,,,49515468.0,81582.0,158466092.0,259878.0
2024-10-18,3.0,650.0,650.0,650.0,653.7325394947823,650.7059939336737,650.0,606.9410899463116,609.7710925895998,,,,,49078643.0,80957.0,158289067.0,259433.0
2024-10-18,2.0,550.0,550.0,550.0,529.0297397769517,525.996766092132,550.0,606.2309991724002,610.1346667540367,,,,,49381143.0,81507.0,158591567.0,259983.0
2024-10-21,3.0,650.0,650.0,650.0,650.8283513178376,650.7018136768176,650.0,605.8515587618241,610.0074504871473,,,,,48412342.0,79808.0,157427267.0,258133.0
2024-10-22,2.0,500.0,500.0,500.0,528.7876419407168,526.0196922489433,500.0,606.6101393344026,609.8688156880368,,,,,48099842.0,79558.0,157677267.0,258633.0
2024-10-22,3.0,620.0,620.0,620.0,651.6605725927515,650.4393205897812,620.0,604.5883757761633,609.6564127547529,,,,,48484242.0,80178.0,158061667.0,259253.0
2024-10-22,3.0,640.0,640.0,640.0,649.1484908807231,650.2662858609846,640.0,604.7075506996932,609.6811493020332,,,,,48893842.0,80818.0,158471267.0,259893.0
2024-10-22,3.0,650.0,650.0,650.0,648.993653144338,650.206395216349,650.0,604.9870325917493,609.7558110453148,,,,,49316342.0,81468.0,158893767.0,260543.0
2024-10-22,2.0,420.0,420.0,420.0,527.5047290196667,525.9339340121351,420.0,605.3461727303973,609.8562118345149,,,,,49492742.0,81888.0,159070167.0,260963.0
2024-10-24,3.0,700.0,700.0,700.0,649.0106593178036,650.2051795536305,700.0,603.7246078935134,608.4936150123017,,,,,49837242.0,82438.0,158234967.0,260003.0
2024-10-24,3.0,530.0,530.0,530.0,651.2264532172832,650.6322944266892,530.0,604.5421043693442,608.589004742253,,,,,50118142.0,82968.0,158515867.0,260533.0
2024-10-24,2.0,530.0,530.0,530.0,526.1659006671608,525.5491294984562,530.0,604.0659290328801,608.4291318182342,,,,,50399042.0,83498.0,158796767.0,261063.0
2024-10-25,4.0,650.0,650.0,650.0,751.4610198061525,857.5483419336773,650.0,603.5957987017653,608.2699080298626,,,,,50540642.0,83618.0,159219267.0,261713.0
2024-10-28,2.0,515.0,515.0,515.0,526.2252225952416,525.5694385853142,515.0,604.4229950489129,608.3735504159137,,,,,50209867.0,83053.0,157829742.0,259088.0
2024-10-29,2.0,445.0,445.0,445.0,526.896684428656,525.4057421922522,445.0,604.5521173226734,609.1742651145556,,,,,50407892.0,83498.0,157262867.0,258303.0
2024-10-29,3.0,1100.0,1100.0,1100.0,649.5846578422855,650.0529463468561,1100.0,603.7017892644135,608.8309737014282,,,,,51617892.0,84598.0,158472867.0,259403.0
2024-10-31,2.0,560.0,560.0,560.0,525.8318480642805,524.9768815287067,560.0,610.1549918437788,610.9137789462728,,,,,49590181.0,81159.0,158786467.0,259963.0
2024-10-31,3.0,310.0,310.0,310.0,662.5548038572222,655.4230948061302,310.0,611.0250372725144,610.8041028915653,,,,,49686281.0,81469.0,158882567.0,260273.0
2024-10-31,3.0,650.0,650.0,650.0,660.8241452247718,654.4496031709956,650.0,609.879598374842,610.44582803441,,,,,50108781.0,82119.0,159305067.0,260923.0
2024-11-02,2.0,550.0,550.0,550.0,528.4706393693234,525.1466420849455,550.0,612.9889630575705,611.5575698187163,,,,,51176906.0,83544.0,159590442.0,260818.0
2024-11-04,3.0,680.0,680.0,680.0,660.63899049975,654.4234638083274,680.0,613.856301210486,611.5619074166708,,,,,50058306.0,81474.0,160620067.0,262563.0
2024-11-04,2.0,540.0,540.0,540.0,528.8198224764826,525.4468848480616,540.0,612.5742842095183,611.8843101319694,,,,,49320281.0,80269.0,159882042.0,261358.0
2024-11-04,2.0,525.0,525.0,525.0,529.9970384995064,525.5151659961944,525.0,614.4374665188304,611.7357876935085,,,,,49595906.0,80794.0,160157667.0,261883.0
2024-11-05,3.0,650.0,650.0,650.0,660.3128364444683,654.5796886649241,650.0,614.4083511304219,611.739152127299,,,,,49729406.0,80904.0,160848967.0,262773.0
2024-11-05,3.0,630.0,630.0,630.0,659.9592968729065,654.5531046554203,630.0,614.6717838425789,612.1213633059713,,,,,50126306.0,81534.0,161245867.0,263403.0
2024-11-06,3.0,620.0,620.0,620.0,659.4619357558829,654.415737920378,620.0,614.7902224838717,612.1641249340364,,,,,49175706.0,80154.0,161354642.0,263498.0
2024-11-06,2.0,540.0,540.0,540.0,529.9173977717737,525.5128267224827,540.0,613.5153080320383,612.3562304078209,,,,,49467306.0,80694.0,161646242.0,264038.0
2024-11-06,2.0,450.0,450.0,450.0,529.747320154262,525.909708055177,450.0,613.0233474607777,612.2082503276043,,,,,49669806.0,81144.0,161848742.0,264488.0
2024-11-07,2.0,600.0,600.0,600.0,528.6722686558222,525.6143216623574,600.0,612.1192694469092,611.9322691388645,,,,,50029806.0,81744.0,159249442.0,263038.0
2024-11-10,3.0,690.0,690.0,690.0,658.3532773660751,654.2272867778887,690.0,612.0303141514974,605.4237106425687,,,,,49365565.0,80595.0,158081296.0,260624.0
2024-11-11,2.0,550.0,550.0,550.0,529.931697124864,525.9982708636219,550.0,612.5139897015944,606.5492663760821,,,,,48439464.0,79246.0,158383796.0,261174.0
2024-11-13,2.0,580.0,580.0,580.0,530.270807599553,526.6695487117868,580.0,611.2543724604396,606.4301806458529,,,,,46847414.0,76206.0,158092375.0,260635.0
2024-11-14,2.0,500.0,500.0,500.0,535.7362122950058,526.9233935891522,500.0,614.7470540377398,606.5661749189479,,,,,47097414.0,76706.0,158239975.0,260815.0
2024-11-14,3.0,680.0,680.0,680.0,659.0147431082924,655.1248313744853,680.0,613.9990874247126,606.7134750685352,,,,,47559814.0,77386.0,158702375.0,261495.0
2024-11-14,3.0,690.0,690.0,690.0,661.2262260502724,655.6169785389576,690.0,614.5790453053523,606.9040517027095,,,,,48035914.0,78076.0,159178475.0,262185.0
2024-11-14,3.0,660.0,660.0,660.0,661.7963473466575,655.8247254768035,660.0,615.2455812285466,607.1227377615043,,,,,48471514.0,78736.0,159614075.0,262845.0
2024-11-15,2.0,395.0,395.0,395.0,535.1907378575571,526.8067400930684,395.0,615.6207325746799,607.2555118035344,,,,,47792139.0,77851.0,159002400.0,262010.0
2024-11-16,3.0,700.0,700.0,700.0,661.7629354075076,655.848717546884,700.0,613.8924227049107,606.8562268615701,,,,,47650114.0,77756.0,158963675.0,261695.0
2024-11-17,3.0,950.0,950.0,950.0,658.0418073227733,655.9126301493889,950.0,612.8159113123103,607.4387168268404,,,,,47515589.0,76981.0,159866175.0,262645.0
2024-11-18,3.0,600.0,600.0,600.0,664.4878293529058,658.3248890500613,600.0,617.2378768787104,608.6777779893011,,,,,46194389.0,74701.0,160226175.0,263245.0
2024-11-18,2.0,470.0,470.0,470.0,533.2423777682351,526.2931958977563,470.0,618.3905034738491,608.657999202264,,,,,46415289.0,75171.0,160447075.0,263715.0
2024-11-19,3.0,640.0,640.0,640.0,665.7459633054804,658.0242917761858,640.0,617.4627050325258,608.4108791687996,,,,,45785089.0,74051.0,160626275.0,263875.0
2024-11-19,2.0,430.0,430.0,430.0,533.9476216096465,526.1101657237008,430.0,618.2912992397132,608.7210800568452,,,,,45969989.0,74481.0,160811175.0,264305.0
2024-11-19,2.0,530.0,530.0,530.0,532.5949455503699,525.942760707838,530.0,617.2042400075187,608.4303172471198,,,,,46250889.0,75011.0,161092075.0,264835.0
2024-11-19,4.0,750.0,750.0,750.0,742.9721971939761,852.7047039380869,750.0,616.5880870805615,608.2733588838333,,,,,46813389.0,75761.0,161654575.0,265585.0
2024-11-20,3.0,660.0,660.0,660.0,667.0622900208845,657.9257462112798,660.0,617.9088053219995,608.6735884933261,,,,,47248989.0,76421.0,160995675.0,264435.0
2024-11-21,2.0,500.0,500.0,500.0,532.5520029974709,525.9614286086345,500.0,618.2723204354824,608.8289182596858,,,,,45878889.0,75131.0,160762650.0,264240.0
2024-11-22,2.0,495.0,495.0,495.0,532.051618655271,525.8492250775787,495.0,610.6519146557347,608.3963442325158,,,,,45115514.0,74206.0,161007675.0,264735.0
2024-11-23,2.0,495.0,495.0,495.0,531.4962146447823,525.7177924671212,495.0,607.9766326173086,608.1843163918636,,,,,45058039.0,74151.0,161252700.0,265230.0
2024-11-25,3.0,640.0,640.0,640.0,666.9239740051634,658.7687821375574,640.0,607.652479400143,607.9730799683293,,,,,43675514.0,71806.0,161662300.0,265870.0
2024-11-26,2.0,445.0,445.0,445.0,530.639518306185,525.5874750383531,445.0,608.2432387265688,608.0501748975063,,,,,43592639.0,71721.0,161860325.0,266315.0
2024-11-26,2.0,450.0,450.0,450.0,528.3898369120333,525.2812916225539,450.0,607.808577682966,607.7777256256688,,,,,43795139.0,72171.0,162062825.0,266765.0
2024-11-26,4.0,895.0,895.0,895.0,765.9146341463414,801.6442202716275,895.0,606.8246109933352,607.5115738571402,,,,,44596164.0,73066.0,162863850.0,267660.0
2024-11-26,3.0,520.0,520.0,520.0,666.9590390931925,658.4477484398333,520.0,610.3545287821969,608.4728760367631,,,,,44866564.0,73586.0,163134250.0,268180.0
2024-11-26,4.0,1000.0,1000.0,1000.0,745.3161141094835,805.1557535513155,1000.0,609.7160329410485,608.3013274666268,,,,,45866564.0,74586.0,164134250.0,269180.0
2024-11-27,2.0,499.0,499.0,499.0,527.2947348814107,524.9931617534489,499.0,614.9487035100422,609.7564826510142,,,,,44969144.0,73236.0,163306726.0,268234.0
2024-11-28,2.0,560.0,560.0,560.0,526.8114415338243,525.3453842444138,560.0,612.1058849508668,608.9878518673096,,,,,44664344.0,73016.0,163737926.0,268914.0
2024-11-28,2.0,550.0,550.0,550.0,526.4674294953516,524.8833094780348,550.0,614.0305860505762,608.8218719476279,,,,,44350744.0,72456.0,163424326.0,268354.0
2024-11-29,4.0,800.0,800.0,800.0,779.3420173680695,813.0142776478181,800.0,611.7062561630328,608.8858371077743,,,,,45304344.0,73816.0,163412501.0,268029.0
2024-11-29,4.0,895.0,895.0,895.0,781.3367531683766,812.6074861295616,895.0,613.7469383331527,609.6821649896093,,,,,46105369.0,74711.0,164213526.0,268924.0
2024-11-29,2.0,470.0,470.0,470.0,527.3790965456155,525.5088039881098,470.0,617.1162077873405,610.6317249483126,,,,,46326269.0,75181.0,164434426.0,269394.0
2024-11-29,2.0,490.0,490.0,490.0,526.5670711511247,525.5260445612086,490.0,616.196499115468,610.386370891705,,,,,46566369.0,75671.0,164674526.0,269884.0
2024-11-29,3.0,530.0,530.0,530.0,664.538734401723,657.8291098450671,530.0,615.3793262940889,610.1677980169258,,,,,46847269.0,76201.0,164955426.0,270414.0
2024-11-29,3.0,680.0,680.0,680.0,659.1943009498417,656.6004481871181,680.0,614.7854883794176,610.0106725243515,,,,,47309669.0,76881.0,165417826.0,271094.0
2024-11-29,2.0,550.0,550.0,550.0,526.0353995430403,525.3800650744666,550.0,615.3623001781975,610.186230606358,,,,,47612169.0,77431.0,165720326.0,271644.0
2024-11-29,2.0,485.0,485.0,485.0,526.4202213074071,525.4930967127999,485.0,614.8980253386886,610.0643710150049,,,,,47847394.0,77916.0,165955551.0,272129.0
2024-11-30,2.0,535.0,535.0,535.0,525.8418931368033,525.3298221693839,535.0,614.0894553108476,609.8414759176713,,,,,47785519.0,77861.0,165697776.0,271624.0
2024-12-02,2.0,560.0,560.0,560.0,525.9808057611068,525.3925762660923,560.0,613.7285547321509,610.026271610756,,,,,46266819.0,74851.0,165834976.0,271764.0
2024-12-03,2.0,595.0,595.0,595.0,527.980192802455,525.9233142647475,595.0,618.118916246944,610.2168646325488,,,,,45979944.0,74316.0,165262401.0,271019.0
2024-12-03,3.0,380.0,380.0,380.0,659.655369072837,656.7389094832837,380.0,618.7085419021475,609.7816057176803,,,,,46124344.0,74696.0,165406801.0,271399.0
2024-12-03,2.0,500.0,500.0,500.0,527.8413288785224,526.1555396247177,500.0,617.49416300739,609.4598764181151,,,,,46374344.0,75196.0,165656801.0,271899.0
2024-12-04,3.0,700.0,700.0,700.0,657.5168170631665,655.8268313413936,700.0,616.7129102611841,609.2585886671154,,,,,46572744.0,75356.0,164541801.0,269819.0
2024-12-05,2.0,470.0,470.0,470.0,527.4093589027493,526.0469770800993,470.0,618.0363076596423,609.8228849710362,,,,,46468744.0,75256.0,162835495.0,267585.0
2024-12-06,3.0,810.0,810.0,810.0,661.0573944236099,655.7500632453133,810.0,616.7607309761621,608.5433258762118,,,,,47771069.0,77201.0,163867420.0,269010.0
2024-12-06,2.0,535.0,535.0,535.0,526.5841081477856,526.4760506346059,535.0,617.4756032741575,608.5374553880075,,,,,46754969.0,75791.0,162851320.0,267600.0
2024-12-06,3.0,600.0,600.0,600.0,660.5590011424841,655.726541508183,600.0,616.8934174242324,608.5624813153961,,,,,47114969.0,76391.0,163211320.0,268200.0
2024-12-09,3.0,670.0,670.0,670.0,664.890389197776,656.8323501641503,670.0,618.7882151785599,609.1499200773205,,,,,47689069.0,76841.0,163753720.0,268620.0
2024-12-09,2.0,420.0,420.0,420.0,526.7195991694502,526.5423714634677,420.0,620.6200986452545,609.6110490655946,,,,,47865469.0,77261.0,163930120.0,269040.0
2024-12-09,3.0,630.0,630.0,630.0,664.9968890962824,656.9083306778741,630.0,619.5295038894138,609.3150460898007,,,,,48262369.0,77891.0,164327020.0,269670.0
2024-12-09,4.0,840.0,840.0,840.0,792.4183006535948,815.3913322511231,840.0,619.6141916267604,609.3633700448696,,,,,48967969.0,78731.0,165032620.0,270510.0
2024-12-10,3.0,825.0,825.0,825.0,664.3241800152555,656.763120701027,825.0,621.9655408924058,610.0795534361022,,,,,48040569.0,77071.0,164990745.0,270485.0
2024-12-10,3.0,520.0,520.0,520.0,665.2005597014926,657.9436751497007,520.0,623.3287358409779,609.9811264949997,,,,,48310969.0,77591.0,165261145.0,271005.0
2024-12-10,2.0,530.0,530.0,530.0,525.701817847399,526.2383798807849,530.0,622.6362464718846,609.8084721684102,,,,,48591869.0,78121.0,165542045.0,271535.0
2024-12-12,2.0,475.0,475.0,475.0,525.8454494487012,526.2549967494041,475.0,622.0077699978239,609.6526967057654,,,,,47877244.0,76926.0,165099645.0,270855.0
2024-12-12,3.0,750.0,750.0,750.0,662.890146878825,657.3362407695955,750.0,622.3805215401815,609.5499252367503,,,,,48439744.0,77676.0,165662145.0,271605.0
2024-12-13,2.0,530.0,530.0,530.0,525.8454494487012,526.0528753953824,530.0,623.6127503990937,609.937758877782,,,,,48407044.0,77646.0,165606645.0,271555.0
2024-12-13,2.0,620.0,620.0,620.0,525.3178077066966,525.8103784789415,620.0,623.4325528681452,609.8456850361805,,,,,48791444.0,78266.0,165991045.0,272175.0
2024-12-13,2.0,540.0,540.0,540.0,527.11322485931,526.2929112648009,540.0,623.4053612040989,609.8688160191053,,,,,49083044.0,78806.0,166282645.0,272715.0
2024-12-13,2.0,495.0,495.0,495.0,527.3226019978337,526.3538000871976,495.0,622.833845138695,609.7304695377959,,,,,49328069.0,79301.0,166527670.0,273210.0
2024-12-14,3.0,660.0,660.0,660.0,667.3220102373197,658.7017411180884,660.0,622.035901186618,609.5226016617254,,,,,49461169.0,79411.0,166963270.0,273870.0
2024-12-15,2.0,540.0,540.0,540.0,527.3896649266571,526.3808902444991,540.0,622.8566823577569,609.5429435557337,,,,,48984044.0,78716.0,167568470.0,274970.0
2024-12-15,2.0,560.0,560.0,560.0,526.8482701372625,526.2266463484573,560.0,622.8503481885381,609.6442472706028,,,,,48692444.0,78176.0,167276870.0,274430.0
2024-12-16,2.0,470.0,470.0,470.0,527.5851683844851,526.4406047516198,470.0,622.2882768433356,609.406371604175,,,,,47636843.0,76397.0,167789370.0,275440.0
2024-12-16,3.0,519.0,519.0,519.0,669.1675684031535,658.7089815198195,519.0,623.543372121942,609.1684940458902,,,,,47906204.0,76916.0,168058731.0,275959.0
2024-12-17,3.0,680.0,680.0,680.0,670.8517787860853,658.0989550907775,680.0,622.8379530916844,608.9989128819861,,,,,48119603.0,77097.0,167928231.0,275869.0
2024-12-18,3.0,620.0,620.0,620.0,671.0518427992539,658.2235364976326,620.0,624.1436502068823,608.7245431708528,,,,,48081503.0,77067.0,168144531.0,276079.0
2024-12-19,2.0,550.0,550.0,550.0,526.640899383009,526.2260329375223,550.0,623.8922366252741,609.044987123251,,,,,48047603.0,77037.0,168447031.0,276629.0
2024-12-19,2.0,550.0,550.0,550.0,527.4299380979178,526.716695753345,550.0,623.6951464880513,608.927592551757,,,,,48350103.0,77587.0,168749531.0,277179.0
2024-12-20,4.0,640.0,640.0,640.0,796.4071856287425,821.6476789052866,640.0,623.172735123152,608.8106638670317,,,,,47712303.0,76807.0,169159131.0,277819.0
2024-12-20,2.0,495.0,495.0,495.0,527.7917115961881,526.8197043066973,495.0,621.1973257645787,608.8825134350062,,,,,47957328.0,77302.0,169404156.0,278314.0
2024-12-20,2.0,540.0,540.0,540.0,519.2485423169798,526.6935094901974,540.0,620.3892266694264,608.6799657940312,,,,,48248928.0,77842.0,169695756.0,278854.0
2024-12-20,3.0,720.0,720.0,720.0,670.4734097347412,658.0263144754581,720.0,619.831556229285,608.5469672301634,,,,,48767328.0,78562.0,170214156.0,279574.0
2024-12-22,2.0,490.0,490.0,490.0,519.5733665719752,526.7508316514164,490.0,620.7495735851938,608.8339974389608,,,,,48164028.0,77772.0,170454256.0,280064.0
2024-12-23,2.0,495.0,495.0,495.0,518.9924545823901,526.6077334456426,495.0,619.2977935503781,608.6260854661791,,,,,47848312.0,77208.0,170699281.0,280559.0
2024-12-24,2.0,550.0,550.0,550.0,518.3137428453414,526.4838924155836,550.0,619.7325665734121,608.4256110123005,,,,,47363512.0,76508.0,171001781.0,281109.0
2024-12-27,2.0,520.0,520.0,520.0,516.9801109080207,526.3145519916737,520.0,621.2883886064714,608.2063305686909,,,,,46468162.0,74878.0,171206181.0,281569.0
2024-12-27,2.0,520.0,520.0,520.0,517.9584932396529,526.5858237185549,520.0,619.0661368745752,608.3112991757646,,,,,46197762.0,74358.0,170935781.0,281049.0
2024-12-29,2.0,610.0,610.0,610.0,517.0279886581908,526.2887677859095,610.0,620.5849782312562,608.0434316277715,,,,,46110462.0,74028.0,171578281.0,282179.0
2024-12-30,3.0,700.0,700.0,700.0,673.2978464299449,658.395443490346,700.0,622.8786675312044,608.0476612363075,,,,,46092362.0,73738.0,172068281.0,282879.0
2024-12-31,2.0,540.0,540.0,540.0,519.5874988262543,526.6878350708827,540.0,625.0828880631425,608.2752024717282,,,,,45238962.0,72778.0,171937381.0,282769.0
